-- phpMyAdmin SQL Dump
-- version 5.1.1
-- https://www.phpmyadmin.net/
--
-- Hôte : 127.0.0.1:3306
-- Généré le : ven. 16 juil. 2021 à 06:07
-- Version du serveur : 5.7.31
-- Version de PHP : 8.0.8

SET SQL_MODE = "NO_AUTO_VALUE_ON_ZERO";
START TRANSACTION;
SET time_zone = "+00:00";


/*!40101 SET @OLD_CHARACTER_SET_CLIENT=@@CHARACTER_SET_CLIENT */;
/*!40101 SET @OLD_CHARACTER_SET_RESULTS=@@CHARACTER_SET_RESULTS */;
/*!40101 SET @OLD_COLLATION_CONNECTION=@@COLLATION_CONNECTION */;
/*!40101 SET NAMES utf8mb4 */;

--
-- Base de données : `sortir`
--

-- --------------------------------------------------------

--
-- Structure de la table `campus`
--

DROP TABLE IF EXISTS `campus`;
CREATE TABLE IF NOT EXISTS `campus` (
  `id` int(11) NOT NULL AUTO_INCREMENT,
  `nom` varchar(120) COLLATE utf8mb4_unicode_ci NOT NULL,
  PRIMARY KEY (`id`),
  UNIQUE KEY `UNIQ_9D0968116C6E55B5` (`nom`)
) ENGINE=InnoDB AUTO_INCREMENT=103 DEFAULT CHARSET=utf8mb4 COLLATE=utf8mb4_unicode_ci;

--
-- Déchargement des données de la table `campus`
--

INSERT INTO `campus` (`id`, `nom`) VALUES
(102, 'brest'),
(99, 'Nantes'),
(101, 'niort'),
(100, 'Rennes');

-- --------------------------------------------------------

--
-- Structure de la table `doctrine_migration_versions`
--

DROP TABLE IF EXISTS `doctrine_migration_versions`;
CREATE TABLE IF NOT EXISTS `doctrine_migration_versions` (
  `version` varchar(191) COLLATE utf8_unicode_ci NOT NULL,
  `executed_at` datetime DEFAULT NULL,
  `execution_time` int(11) DEFAULT NULL,
  PRIMARY KEY (`version`)
) ENGINE=InnoDB DEFAULT CHARSET=utf8 COLLATE=utf8_unicode_ci;

--
-- Déchargement des données de la table `doctrine_migration_versions`
--

INSERT INTO `doctrine_migration_versions` (`version`, `executed_at`, `execution_time`) VALUES
('DoctrineMigrations\\Version20210705122230', '2021-07-05 12:23:23', 707);

-- --------------------------------------------------------

--
-- Structure de la table `etat`
--

DROP TABLE IF EXISTS `etat`;
CREATE TABLE IF NOT EXISTS `etat` (
  `id` int(11) NOT NULL AUTO_INCREMENT,
  `libelle` varchar(120) COLLATE utf8mb4_unicode_ci NOT NULL,
  PRIMARY KEY (`id`),
  UNIQUE KEY `UNIQ_55CAF762A4D60759` (`libelle`)
) ENGINE=InnoDB AUTO_INCREMENT=171 DEFAULT CHARSET=utf8mb4 COLLATE=utf8mb4_unicode_ci;

--
-- Déchargement des données de la table `etat`
--

INSERT INTO `etat` (`id`, `libelle`) VALUES
(170, 'annulée'),
(169, 'archivée'),
(166, 'cloturée'),
(164, 'créée'),
(167, 'enCours'),
(165, 'ouverte'),
(168, 'passée');

-- --------------------------------------------------------

--
-- Structure de la table `lieu`
--

DROP TABLE IF EXISTS `lieu`;
CREATE TABLE IF NOT EXISTS `lieu` (
  `id` int(11) NOT NULL AUTO_INCREMENT,
  `ville_id` int(11) NOT NULL,
  `nom` varchar(255) COLLATE utf8mb4_unicode_ci NOT NULL,
  `rue` varchar(255) COLLATE utf8mb4_unicode_ci NOT NULL,
  `latitude` double NOT NULL,
  `longitude` double NOT NULL,
  PRIMARY KEY (`id`),
  UNIQUE KEY `UNIQ_2F577D596C6E55B5` (`nom`),
  KEY `IDX_2F577D59A73F0036` (`ville_id`)
) ENGINE=InnoDB AUTO_INCREMENT=910 DEFAULT CHARSET=utf8mb4 COLLATE=utf8mb4_unicode_ci;

--
-- Déchargement des données de la table `lieu`
--

INSERT INTO `lieu` (`id`, `ville_id`, `nom`, `rue`, `latitude`, `longitude`) VALUES
(660, 1680, 'f0630981fba8d5056d70695b2fce51453b0616ced02b3c278a08f8b040b64409', 'chemin Hebert419', -61, -23),
(661, 1685, '06732572825e18abdea8e75a57ed9288b33e9ff5f3de301ca1b51e4d66e7b91e', 'place Durand417', 61, -132),
(662, 1683, '67ff0c512ad90a7aa6276ee565edb8dfa377ba8f3c1882cac95758f0f23d23cf', 'rue de Dupuy78', 12, -174),
(663, 1598, 'e8c9917bbbd1aacb67f1e260057a423c05d9ae993fbfc110abcd3e06415e5cc6', 'boulevard René Schmitt226', 52, -41),
(664, 1650, 'b1e2b6d32548ca95af1c219c6cf64efa77094a048680c9eafb8a02148b0b90e8', 'place Hebert452', 22, 69),
(665, 1489, 'b2a1b8fa37da7ecf638217e17867bcd1dc6677fedf1435442e86d5b92cc31cf9', 'boulevard Dumas77', -12, -107),
(666, 1560, '7a2759b475cbd23a0e9ff3cdeafd68e9642bbebfe9905271f4e5da90da04d741', 'chemin de Masse122', -34, -161),
(667, 1661, '34af7bea9c487408d783e3cee31eef3dbaa619bfa5aaa2e80464131a999ddb8c', 'avenue Constance Thierry263', 55, 1),
(668, 1456, '8c3362c89fc0d21198604ba12aa121ddeb25eb952b20e732ce5947da67ac503a', 'rue Bonnet273', -53, -148),
(669, 1438, '0a69ba0a10e6cde24f10505234bf66859ac778f0dac2c2711c095981ecad05a6', 'boulevard Baron193', 35, -79),
(670, 1470, '4c5f5d789634efc9b53d18be603cfb5d6fafcfffb8bdfe9b93b6e378a2815884', 'boulevard de Chartier395', 25, 154),
(671, 1529, '4c7a04381a0ded125031630a5b1785e2ddcbd06bc15ef610255caf620261b3ca', 'impasse de Chevallier92', -43, 44),
(672, 1502, '5008abdc2695f565f2fc7579d8217e78fe7f25db8d9a7bc71bde32bb2eb48a3c', 'rue de Pineau40', -54, -63),
(673, 1681, 'ce3e023c6909bf97224e39388a07abc7bae69e7b626cb80a1b649a1536c0a2a6', 'rue Fernandez318', -75, 118),
(674, 1620, '9a18372b088b8824512892c7f194b1c930cc9f29aebd462c5ddb2f135f45c975', 'avenue Jacques Baudry34', -31, -62),
(675, 1504, '27bd003a496565e2aa16d396ebf589348f4450ba3cb56738293fca740213b286', 'place Olivier Maillet66', -1, -46),
(676, 1544, '7ea4361c56af533006ad03e1304d1f1da213bb80cb1c919a432c1d67547aba14', 'rue de Blanchard30', -26, 26),
(677, 1671, '0a79de6d8068a5cc6a4997691cc760f558c13b8290ef886162a5c6e2e3d3b1e2', 'place de Lagarde258', -82, 165),
(678, 1611, 'ade1b51144212368fbd6abc7ac8fb1af5cabd8495a3883db94ba1b1dd941fde3', 'rue De Oliveira493', 51, -141),
(679, 1637, '21d69e8b4ea35105a6bb5ac0765b48e4823af501b60f945103dc8a5be3d79b94', 'impasse Claude Bouvet485', -25, 24),
(680, 1529, '0519256328db41e856d62d826e8041752e2a957f36af89409e4f0ebf1b3f294d', 'rue de Marty167', 31, -21),
(681, 1631, 'dad06d749af1e63317872c6e020b207b4b5ba4474ae9744f8533b698695b6859', 'chemin Fernandez236', 27, -4),
(682, 1492, '96b4b60674fbb7576cbf886ae22573a7883322712c9fb627ac5f593541be8f7d', 'avenue Claire Dumas92', 58, 85),
(683, 1476, '2431d342c52b918f703b0ef6e680073b150dc8b001ddab0ad30e63afdd84a266', 'impasse de Chauvin30', 69, -73),
(684, 1455, '9e32fe2b22df8ebd0383db2fb9dcca79bc4b3622cd109870f6c5ce34cbb70f54', 'chemin Bourgeois37', -53, 179),
(685, 1640, '19a6732c51eaba2044b4ad89ffa753d9d87731d3061422b9a03fa5b751991dcf', 'boulevard Salmon276', -2, -63),
(686, 1651, '9dae6a60474c24eb928631cccd98d4faf2b429d3b0deb830f0e3a8434a7e3261', 'boulevard de Arnaud336', 43, 157),
(687, 1445, 'e2223ca040a50b687b962ab6489f22eacb6dc0b0bdf563e8cfa2628d7409834d', 'rue Margaud Martineau115', 71, -28),
(688, 1577, 'bc2dca9cfef15e3f3f61d36dd2b3d5845dc326f2504517ad1a8841b151537e65', 'avenue Arthur Lemonnier335', -28, 106),
(689, 1623, 'aa9d54ea4200b95abb375ccf4648ebf6b096fddf97a95d3ccbe68065f1a3a111', 'impasse Rousseau383', 12, 75),
(690, 1523, '5c32182a28f196729e5e31ac2e49610f33e0d4dae48890eba59ac97d536c2cb4', 'rue Gaillard65', 23, 178),
(691, 1600, '6ddc917dd551ede3286282a91f4f71ffe94c22a25bbcbe1f1f91b26d2083a819', 'avenue de Weber459', 40, 125),
(692, 1645, '82edfb7b9105001cea303a2d1026cd0f146b653aabaf32c4fe66ca3480d40477', 'place Adèle Fouquet390', 59, -62),
(693, 1553, 'ed244bc26523803c7eae9d419bf997ef7e1637caa10937abb5b7f4df0b87d07e', 'impasse Remy208', -14, 148),
(694, 1534, 'db960265d571d58b3ede1ec9af60a14c8cad2bbaf2400eb89d1d1cb2affcb087', 'rue Hélène Lebreton454', -79, -140),
(695, 1531, '9a3629795a5820e50a9a18ad19ee37f330b9fb42bbcfa58fb339f63801ca392d', 'place Robin128', 86, -129),
(696, 1538, 'fedbb321829512707ba2d54aee75f275c0f26eaa23fe40f3a82d2530223cd30a', 'rue de Alves52', -58, -112),
(697, 1678, '13a26e1f7d4489583eb2b63f8fdea0bd7d07c0e856dcd382f74ec6316d82ab69', 'place de Gomez392', 65, 102),
(698, 1615, 'dd55d0833bb86493cb145f3a41eb5df17bd926738e1817fd495e929ca804fb43', 'rue Maurice Delattre58', -56, 99),
(699, 1505, 'e3004876be045c65e3770747a5e35a4655c8ebb2c7b786868e119efed07fdbcd', 'place de Muller151', -56, -156),
(700, 1620, '646cf3041d7ed5c20c2a987890b7219b6c6030b646123028f2b275daabd985d1', 'rue Sébastien Normand322', 81, -102),
(701, 1593, 'b906937749739ef9f71c0992cc58d62552bfa6c2e596a2263dab536a7cc5f698', 'avenue Astrid Hamon309', 12, -72),
(702, 1680, '4e5ed69e30943c47d1348e7aa83ecfb1c36b7be7c500ca5286d20c02f1c4956d', 'avenue de Diallo58', 79, 120),
(703, 1619, '1055494b4680a0e384a1e52c469934b07b9ccc9764e31ff0cce92d4f65a7d6ae', 'rue Pires37', -68, 19),
(704, 1499, 'b53de4034d3f81de9d3112f037ecee7335fb22827d8815a45c945e7cfc122413', 'impasse de Loiseau381', 84, 12),
(705, 1454, '6d69bf11f0d3b212765e2c98a0b80f2635cca5f44305ecd5a82b4e2c316fdf53', 'rue Sylvie Briand205', -15, 68),
(706, 1519, '5f9f3b79f8147c8f1fad629e228ff4b5ae1d755bd8e4414ce1815eac6817f164', 'avenue de Louis455', -69, 142),
(707, 1477, '5e2d34d815876c4a2a06724e77c86b6f355f48413da595375bd6e59fbf2ef07b', 'place de Gilbert107', -46, 91),
(708, 1639, '2503ac6c4339e660c8b48c09d3ced317300e8c9ce35dcc24e402fd983c11fddc', 'boulevard Lemaire221', 35, 63),
(709, 1448, '06e5dcfab1428ad3961fdd9c1c9ba7949f699dfcd20d5a17a76f114bf50f4345', 'avenue de Masson112', 8, 10),
(710, 1632, '32abb6467267bbb25b9c9d11cca5c6ceb6873c82137ae09472c783c2015f2882', 'rue de Leger280', -75, -169),
(711, 1582, 'b9b28f3b53b4a4c9aed42677039e57962e94340579f497513245a3dce18f64c7', 'rue Guyon325', -35, 87),
(712, 1610, 'ebbc4a89d83b3431482cfd358ad03b5db75d612e64a901d80f68100c6b3d64e8', 'boulevard de Pruvost195', -42, -91),
(713, 1564, 'fb1b11d830d8db355d69f6e79219aefd3057a37881935eb56663df70b6712f0f', 'rue de Navarro239', 38, 109),
(714, 1526, 'a005f3626bf425ca88a10344dc4cf4f1b2193863b2d1f83776cc1db13f88c37a', 'rue Lambert393', -54, 38),
(715, 1542, '413fb869b4bfb513618d00ed59a0fc5490764cf5eba9fd07036a0050d70d23d4', 'avenue Dos Santos200', -15, -115),
(716, 1579, 'c0508ec35649824ca0c7a9b7f1afb24e46212eeb8f0a2e1582ce1d2c3fa8796b', 'impasse de Charpentier219', -75, -102),
(717, 1649, '063785ec0d197eae9f67b6647042d01b0395ff6094bf8a07af9d2543fc63037b', 'boulevard de Lopez479', -25, -72),
(718, 1685, 'd6ff780feb7b0dec34c4c13e91e87838577517bdf0bf8196fe7647c769901835', 'rue de Traore399', -28, 68),
(719, 1457, 'aa21bafe1308b47e663bd99c10b38568bdfb5004e1bf43ecc9dfd42060c8326e', 'place Joseph Pasquier411', 77, -168),
(720, 1594, '186c7db3ba5bcbc6e4b7ac4384ec7d35fbb1c6f2dfa007b3781497cc532df059', 'chemin de Besson295', 35, 15),
(721, 1511, '1f8e6cc8527e6621a3a1d9c0f41c18c3a91418e149aaf0b43c8abf8d667f5579', 'place Christiane Pineau170', -66, -85),
(722, 1542, '8ff4185e3e7dc8b5a8824e9a776e655c5332c023354b6a33d7025d31d0d9848d', 'rue de Ledoux41', 39, -24),
(723, 1620, '9f7aedf7505f32db7cda399e99f783dd8087ece3c437df4cff589ccc846c879b', 'place Guillaume Renaud480', -79, 147),
(724, 1461, '746eaf08598e95871e32ee03640f7de6b597dfaaa4d78e7693d3334cff5a717c', 'boulevard Thibault De Sousa251', 31, 1),
(725, 1481, 'b75b563164e4ab6d12169d49d29b30c5d3cc4650a7dfb3b329530c776ebf4a17', 'rue Adam474', 20, -16),
(726, 1513, '032c299bf34f7b3081b24fcd710fd0db4dd596fa34d847f9f1032de8febf88dc', 'boulevard de Jacob71', 2, -92),
(727, 1515, '493348c819d9f1a4ac439fb3cacf583ececc16458c39ce0e9618c9c95047448f', 'impasse de Marechal281', 32, -166),
(728, 1626, '5bfb018ab45848f0d5cf00446289eb15ff01a1458a7e9b1923a3d8075bacebaf', 'impasse Daniel Vidal104', 63, -33),
(729, 1595, 'da414ec87ba769e621040eeb2a65b933d8ea0a5ee3cd7e0bbf80095c48f39a47', 'chemin de Ramos101', -37, -139),
(730, 1593, '8730ee04f18facc139f4d68c4737484f9769f11e4497e492fd26c306472c6d02', 'impasse de Begue371', 39, 123),
(731, 1682, '22a0b29be17e3b9d4046c7f37ad81ccd4c52c21fb3a92130d1b994915a779032', 'chemin de Louis32', -59, -154),
(732, 1529, 'ca38ac6fe653f3f341d961642484780215b520ccaa5d83a3928d02048013f5ac', 'rue Maillard224', -36, 22),
(733, 1459, '9b17c6ac951264433e4702832d38a1e04e71c9631b3c3a46a2db32ba06d75289', 'boulevard de Guilbert79', 81, -23),
(734, 1505, '99ff2f235d2b88aaf818d602ac997fda343dbbedd19897fed29842ae04586ce8', 'avenue de Payet26', -19, 159),
(735, 1645, '12a804c1f8e196fbe5e9a2c05e766941ee85c457164e3c1cb9b126625acb62d1', 'rue Margot Fernandes238', 8, -55),
(736, 1506, '1b62e7daf5d355dc769637a792ad73b55e758810a5a85ca860c1a44675601782', 'avenue Thierry Alexandre465', -74, -105),
(737, 1511, '7bc12e4003fe680a1841c6ef38d2f34328011c84a0f763cbde1145be86422748', 'boulevard de Marty404', -70, 51),
(738, 1633, '7c19d9cd7af0d9642eccdcc0fe47bbb3c1786b46ebf971e4b6808edb16b94c08', 'avenue Dupont189', 14, 13),
(739, 1469, '8d93d0430f0b1d962105fa9aa90cbb576176ec44d28cc6bc18dfc2061178b189', 'rue Parent26', -41, -11),
(740, 1630, '096c9d010c53ab48946286ca7751eb48ea72ca8b099e45258d0d1745210cefe8', 'rue Claude Gonzalez277', -64, 24),
(741, 1590, 'fb8087f465497d8907569ad8442991061840ab308086b1fc777da36f7588111a', 'impasse Victoire Muller484', -46, -27),
(742, 1536, 'af67b178eccd9f2d282c0869921cf653395ca64ef638130197e9f7dcabf6e150', 'impasse Paul120', 56, 150),
(743, 1489, '7fd3f3c957b061543aa53656b70233c716fa879c931bf7a45d538d919b399501', 'rue Nicolas395', -18, 62),
(744, 1578, '183589206c54c57ef05cfc971796090898b8710b8bc968af99c5497cfe623b42', 'avenue Timothée Gomez421', 3, -98),
(745, 1588, '981a1b5bb09b3d3606b6b0107ca879f95b311a1cdf5987cb32d9b879af0db35a', 'avenue de Carlier17', 1, -82),
(746, 1445, '35eed56cb2e2035d0580113fa4103b0e47cda9231eb6b01775e5d6a74571cc44', 'place de Fleury32', 42, 92),
(747, 1569, 'd6daa8585c0ec9a5ba3a0df06b199ce1bdd4ae304895db344873cd3da7e7488f', 'avenue de Pereira86', 74, -114),
(748, 1650, '4b5c7503e034763944d13c6cb37440090f871944cac2c77296026cff5f912c07', 'chemin Moulin95', -29, 90),
(749, 1580, '6ebe34851a6e6f1cb6fea4332086c025aab5e238e7dba88ae8265f9e9959294d', 'impasse Laure Duhamel384', -59, -102),
(750, 1499, 'b0e552e11e687ae3f1ebafcf7450e086b9dc20c303f6e179f13d540dafdcc0fe', 'avenue Diane Jacquot42', 40, -27),
(751, 1509, 'c44bc824388f3aea1d0c7a4fa8266a12b248072525fcbab29bc379e096b9d0a2', 'avenue de Delaunay158', -19, -6),
(752, 1466, '40cc801ef0dacc8d559b57af9fa5c96a534a21d066edf94f4b1149563239f14b', 'impasse de Rossi125', -63, -47),
(753, 1491, 'a09598c8ff822aa62edf1f18b8f68987162583944e52d6f9fcf71c013ec38555', 'place Delaunay300', -33, 161),
(754, 1650, '7053ae451d3bde828fe270c8d10f6af096a56b23c206e79485db8ab9ed99dcf1', 'avenue Maryse Boutin273', -9, 19),
(755, 1516, 'a848ed35637e0cef3fe7ec12b02f40d4dee902b7d6ffdc82c052ce3fa8d6667a', 'boulevard Georges Colin455', -47, 48),
(756, 1512, '5e6aadc78dfb7b27d647a156ba75d63e380c147b7a1c40e0b768821bde048f4a', 'avenue Herve136', 32, 90),
(757, 1508, '7ab4f819ba32bca922e8589e9bcf2a20197d8c97dd01a675509063bd1a9f558d', 'rue de Payet220', -13, 145),
(758, 1556, '658b4da6d380347e7a0a1c0ca43ca58d3c772aac5131cb005e6e5cfbda582df1', 'rue de Paris135', -34, -164),
(759, 1443, '500ec10283fad903fb21ea557f3e6a856f1137f7be2af8bdfd3a8c9716e952c0', 'place Adrienne Perez398', 43, -177),
(760, 1632, 'b218592e1c138ad7660829d4868aae01da95af9c3149790cc71a8c583cd793a3', 'boulevard de Fouquet193', -44, -117),
(761, 1682, '0cb09a412a709c13bdd09badede7158c49ec27c7884027437eb966836af9ee5b', 'rue Vincent Boulanger362', -43, 60),
(762, 1510, '9fe43b7357dfe79c1fbc1ebcd7fc47b1364cc829aabb6f93022223690455c237', 'avenue Gilbert Paris86', 76, 178),
(763, 1526, '6fa06984f87a9bf0e6486759ebd57117d35365522eb1c3a36567243b4a69effe', 'impasse de Muller458', 6, -12),
(764, 1665, '605ebdfe48790ba2945d672be912e20eafbc853a4912e3b8da56043c793d1029', 'rue de Blin42', -4, -57),
(765, 1516, '3340aa0b3368f60e50a8e23cdc36fbe9110106d71484954d8b3b2c5a38a44e5a', 'rue Blondel442', 47, -149),
(766, 1438, 'b8e060dbfc6357363e35b48885667e6ef6b84eb444ff863592b26ac7d0cd7903', 'rue de Langlois0', 19, 97),
(767, 1621, 'def223e3c45ac683626f47348a6f6b7e1d5b7001f0e27a0ed197ac986b2670de', 'chemin de Chauvet181', 0, 124),
(768, 1616, 'bd1f4148f2fcb45359dbb40f2ec3a9fbd2807f646d9c03ca91df0d18ad4aa316', 'impasse Marie27', -49, -178),
(769, 1510, '5639758fa48e0ad9aea69c24c0040b75b07b482e4579f34e2ff339e30bf79c27', 'rue de Bazin483', -22, -96),
(770, 1601, 'f6db7d3d03b3ac16fdcc898c2fc85a41d02c76bf30e63704acd18d446432b183', 'impasse Gabriel Buisson122', 20, 144),
(771, 1448, '649b4d66c61e80e183fbf0c1a0dfdeea36f68a25c0bfb6033c391de1a5a496ba', 'chemin Boucher488', -68, -114),
(772, 1526, '2015a3dede3f4d1952160c5ed5e408576f3d84ec7900a825e678a26864dde49e', 'place Leveque157', 63, 81),
(773, 1641, '69be45c0ac54097db5d8c6d70bf82b241a25648439bbc95262cffa7c8380adaa', 'boulevard de Hoareau393', -40, -175),
(774, 1453, '9209d926c11e6aa499aa046bbef48e52e3f2c42ac8bc5ca683478cd6bd368653', 'boulevard Delmas264', 22, 97),
(775, 1550, '1a176ad16b3cf6fd911aaa5e6142257f278f28c26f3c3fe88b4db364849adbe8', 'rue Claire Maillot109', -48, 22),
(776, 1584, 'e3d57986dcd450f233e849e3179f599786ae349a3ed8409bc1fca2353b42b62b', 'chemin Salmon402', -37, -75),
(777, 1630, '2e454cdc2b5cc769a3175cbaf8c02633adaf372c5ada6b3ed5b79959cb8f2626', 'boulevard de Tessier199', 18, 141),
(778, 1584, 'b4e25de8a5a69ad41dc792a99b495c6b48a398d0e0d17a4c658131d6710a8dea', 'boulevard François Joly359', 75, -100),
(779, 1478, '60ef74d89f61e3ffcf300ea9a110efc6bd0be91618784a834ba4495108741030', 'rue Klein325', -86, 1),
(780, 1477, '90b6c8a144d069aa14341862089c9a19195b3b1cff8cd5c1f738f03ab4df2a3a', 'chemin Julien Pierre341', -89, -173),
(781, 1480, 'c8c8b8e1c4c1030ae6a7fd08391cc58b843f1ebb85a951c865b9494a59b49b32', 'chemin Normand458', -71, 23),
(782, 1517, '4fd67631be52db69476c3e62d20418c990a0c8ff70b7edebcc078375baa4c417', 'rue Émilie Bousquet234', 11, -90),
(783, 1632, 'd1b3ceffeffc1b81b2a5b900a293bcb37a0fe1279b8015d9ae0b2fac180100ee', 'rue de Pires367', -84, 25),
(784, 1469, '814a41e62e6ab0789453964c88f7e14d07b1f9682915354b54f5eefb16db3548', 'boulevard de Torres235', -23, -177),
(785, 1612, '079dbedff20919f496a1a058a22be30d979c2d527b8dacc4c5f2f0b524e08ef1', 'rue de Valette33', -57, -31),
(786, 1442, 'fafc95ea0061242c58ab3aec9332b4fac4eb8c65d5dab82cf051e825677a421c', 'chemin de Hamon79', 57, -66),
(787, 1682, '26aeca45737b60658269cfcd283a71f5e3357691966b3f4d41ee894044d0cbeb', 'place Fouquet79', -81, -15),
(788, 1475, '38c7a2ce19670dde9a6fd77da897df6e7b685e9490a03b97be94ebfb9791d36f', 'boulevard Martinez442', -70, 121),
(789, 1522, '2713a227a47a9a1e2f0d1f1470de47ea9610008131da023405d71fb572b271a2', 'rue Morin152', 82, -51),
(790, 1608, 'f71a34ae0e0eebd9f248351957bf489fe0e0c0683c079c2e8f06d45e17b8b26c', 'place Clerc126', -4, 20),
(791, 1623, '2127907c32f2b7e3c256f08c56935879d4d7e56c344acdc231268132c0c2e7b1', 'boulevard André Collet235', -78, 2),
(792, 1511, '75c74d482613fd1216904c942bd8dfcc6b389c5d7ab4e7b4cd6dd61db3e97254', 'place de Lebon79', 79, 69),
(793, 1639, '3016dc12a1c471fc047538bb0762564b2d602436d46d6a7fc94333ce398e10ef', 'avenue de Dufour319', 0, 164),
(794, 1641, '9545989133e286cc789a51071149d2cf6f088c521c38903c6c66d89848d40288', 'boulevard Chantal Blot381', 43, -120),
(795, 1643, '059f52e529c76075b4e85cbe0bff540191eef895d587cd547bef96254d85e458', 'rue de Auger291', 80, 110),
(796, 1535, '2148546d9817b26c3e48b97c951bc01cff175f62ad43d9e42744ceca6866a207', 'rue de Da Silva108', -75, -168),
(797, 1530, '71f2c77fd655458c8f82a9e0948e8e0ce18aea4f3ec3a4a8228205b35c9d21aa', 'impasse de Pereira267', 12, -142),
(798, 1648, '27a64529a0eda9d6baa2db2a718a53ca0a21860ff30a4fd647534e75c9953ae3', 'place de Masson98', 68, 177),
(799, 1536, '19c71187ea59592297839ea8a6753e9785b232135ec109c67ee72f2c8e83af15', 'rue Rocher369', 59, -35),
(800, 1479, '9da425e39c085d95212d321e753d66b7f2feaffbf777b0a185e246defda3936b', 'impasse Diane Gilles235', -83, -87),
(801, 1439, '4ff08de6fb1be79aa55290dd6ef507b49fc241a3ca5091629561f479327bbe60', 'rue Dupuis227', 38, 56),
(802, 1632, '4f34542128b1c9358776ca49bb1fe4a293f6bba047e5deb1fbef8da572870be5', 'rue de Thomas455', 46, -57),
(803, 1598, '02b1c4b1f837491c0ea1230850d5a9eb14157bf1599da43cfaf27ff8575aa17f', 'chemin Charlotte Louis162', 37, -134),
(804, 1682, '888a480657beeaecab9d6583c834af915290d6d106d799304bb949c10c68b222', 'boulevard de Joly198', 70, -124),
(805, 1616, '1027494bfd331c01cb5f237e6bad9dd1314e61a06f501ba60e5bf2a3b80e02d9', 'chemin Auger402', 70, 89),
(806, 1598, 'cea0f040aefc5444e56deb35260f87e8cc420ded084758b7ecafd8c726925d16', 'rue Navarro214', 66, 155),
(807, 1649, 'c73dc9a082773a5c205e1c3e1397d335320d436755abfb46ba98d443b5408b36', 'rue Munoz111', -86, -144),
(808, 1454, '1bd22354ff576331996d10b2cf1cd9db7d094a36a0879be290e08fdee20cd16a', 'avenue Briand115', 82, -44),
(809, 1614, '71c1db39cd688e3a02b7a256b44bec1eca27fea720d4dd6a60d24238faefdf57', 'impasse Normand449', -20, 150),
(810, 1475, '8e799699cdb179096fe07fbe921a56d054a8629c7de8bee839889279915032f5', 'place Albert443', 20, 159),
(811, 1602, '5654e6987ab28cf708eef2eee3d1bd6ca9831d775bcc14d42158cfaadcfacd6f', 'rue Guillou439', -27, -160),
(812, 1454, '6682cb07823ba3630c0a388148295a1b4506538a23b1b95220ac51a0f512257f', 'rue Gilbert Bazin169', -38, -24),
(813, 1475, 'edff60a10ebf9ef1ef7e4864770b021c979f49e2429bfc9b75792aaa5e11452a', 'rue Valérie Chevalier116', 85, 19),
(814, 1681, '15e12dc63c37cb4e906f97199e5efbb3b4e467ff27f3abcd11c0229f3f556932', 'rue de Da Costa447', -24, -90),
(815, 1508, '97b44c7846eab88673d14abd6806647f7f31cde335532c17c4390bd4db312190', 'rue de Briand137', 47, -121),
(816, 1623, 'bc749e4718260d07084ee8226c6f8dae0f03565557b668e91b648e7896f801a7', 'chemin Thierry Delmas306', 21, -142),
(817, 1471, 'f16d028234f588daa805f62b82048aed9494c25aa5d5c6b80777959482bfbdd4', 'rue de Brun357', -80, -92),
(818, 1464, '4541fd75dde4e01eaabdd3a51a81efa0db4ad348ffb85091f014188170b370e8', 'impasse de Leleu334', -15, 13),
(819, 1612, '8c36c66fde60c1e203a5b5d20b665dcc715e9dffcde261de4262a5ce920304f9', 'rue Sébastien Legrand148', -8, -101),
(820, 1530, 'fd6e8ab0d861a2a17522d0de1b5046cc26e1b0066eba335a0cdb48e87a954632', 'rue Teixeira263', 19, -132),
(821, 1480, 'a93fd9945aaa835b33b0b0433293ae1cca3b52d64a0cad94071d58120d6277f0', 'rue de Marin162', 58, -152),
(822, 1619, 'c4b73c7bc5d75a1f5e69c30746c0a86804a6400da3882d5fc0e2bcdee7eca488', 'place de Perrot61', -51, 88),
(823, 1668, '72f86108e044bd852b1b31b4f04fb72804161d1d0e51d260a79dac8917a503a7', 'chemin de Carlier212', 29, -108),
(824, 1489, '01df84c2036f65464e5a699fd7cb29ad5f659198b0a349ca1e6a9795a1b48bb3', 'rue Richard81', 2, -108),
(825, 1505, '6da82336e755d9dcbcbe5cc6bf91c94071253397f212d4c3e2332a22a5a9edc8', 'chemin de Breton78', 54, -175),
(826, 1443, '0f13c87b572c685d15f278352df27bfa6486141d175f4ae4ea05c30b51dd0803', 'impasse de Meyer43', -73, 4),
(827, 1638, 'af409701acf7236c5f54d911ac6626f8c754abed9f0337c12cc9073e12e404c6', 'rue de Jourdan12', -18, 147),
(828, 1653, '41e53d2a04abebd2f0d60e34549494cd54c940d8d2ae4770fd94fde5ec4ca28b', 'chemin Michel88', -73, -48),
(829, 1582, 'c5183f6dc3316a5d1977e45715f157f16a99273eb66f8ff26fa1546b2fbc7aa4', 'avenue de Pruvost20', 67, 108),
(830, 1454, '5d6b7ba3a075cfdc64cc749927e2a144aef2895eb6f067e2c7bb806131f55e4a', 'rue Schmitt434', -47, -26),
(831, 1479, 'e5fb6455254f8535d811c1ea7432f629067b8f744e46b72ae17a97eeedaab1e8', 'boulevard Maillard231', 49, 36),
(832, 1554, 'f4ce08305aae16909f288e6ed8a89c0e090145f1ed96efa074b5dba4e685f54b', 'avenue Pages253', 4, 24),
(833, 1612, 'ebfd84a4aecdea7bebb7bdbfe86f15e36695ac1bcb0053a8059cfe8e00219d25', 'rue Deschamps290', 57, 106),
(834, 1440, 'fdc47b98ea3b66492f5e09dd164ea4277a7946b6f88e8b699ec3e1d4a4baf0b5', 'avenue de Lelievre52', 73, -69),
(835, 1528, 'f7b73eb67dc52475ea2f1a2d7b06ebd592f2b26547e665ef86c946491da8e7cd', 'impasse de Clerc1', -88, -36),
(836, 1659, '3ec77478f04e98db606d8139740ffb39801182e88d3a0e4f935ad1feb92a8eca', 'rue de Charpentier342', -1, 148),
(837, 1525, 'e92ea0286fcd36aa4e82cc84415dfd234edb36a09e2064c60a85e5006539fc4f', 'rue Dos Santos489', 67, 122),
(838, 1638, '88f064581de3821bb9956a5c127fb29fa3c866ac6b166668031ee24f64a73eb4', 'place de Bousquet420', 0, 92),
(839, 1475, '70a5bdecd1f4ba68e7322c67ac9aaf45963a5fa94fe1b3ac32d4825cff0dc021', 'impasse Jean Gimenez102', -38, -99),
(840, 1563, '8a6129b3b1b88bba782f369eda3c106bc9ad2da829a14137ff481f18239de5d1', 'boulevard de Roger463', -13, 145),
(841, 1605, 'ca8dddd75218b3502098afc8aa230d098c3b71b76773ed8f0f8a7c69d44b7f04', 'boulevard de Raynaud296', -72, 77),
(842, 1530, '9cdf4d8bb3c88a4df12b2690224f3d76ec9bbf4ffc4987432b8f0f6de5700708', 'rue de Alves223', 63, -79),
(843, 1473, '1e0f4832f99ef86fcd48cdea839d10d64296496b1081945ec58eb15d2d553ed4', 'impasse de Hebert23', -46, 43),
(844, 1564, '6a4c443c0c66c81210b3d80a62b1a9f0f3b8e54ae50255ff25402059b263251d', 'impasse de Leleu25', -4, 73),
(845, 1607, 'f74d94df2855ba135d6d56ea80b323190bddacaa7f3712efcf954b9ffda13dcc', 'place Ramos150', -38, -56),
(846, 1575, 'fd81277fa7e9f490e8c30082dd74cbfa83f118b515eed1e89b719be16563f440', 'boulevard de Allard432', 19, -50),
(847, 1527, '5ccc297d07de936be5605abfee857bcc82908af26bca991865411fa2891de966', 'rue Antoine Breton291', -57, -50),
(848, 1569, 'cf0e0f3a6c0f50add11fcab42b3cc21d26b583a485db39a4cef8c9fdc16163db', 'chemin Amélie Leroy125', -56, -110),
(849, 1641, 'f524d995e566b5f5e3c798d310e7d71de5508fffab0a8867bfea801b0d9a652f', 'boulevard Paulette Vidal391', 86, -115),
(850, 1554, '0394e3e228863b21d6b4d9aa0d86bfd94b4fe8f23fe1d6e8a9347a8ccd11faff', 'avenue Perrot62', -4, 47),
(851, 1649, 'e413fcbc6f09b0c1c2a666c36de8bf2fb936da48a16692b85a043b8b6a9a0722', 'impasse de Fouquet472', 25, 151),
(852, 1472, 'f63bfcee8dbe9b748ee0a0c31a93f47c18814fa49c551ff435aff95bfdcdff90', 'avenue Deschamps301', 17, 34),
(853, 1448, '85c2dd22904ab481f7176fb89360acf135909438c9ed8f4ffc117108ec998a1e', 'place de Boyer473', -52, 80),
(854, 1508, 'a5b951d1cf80faca5593d651d23febff5dc8315a889a44b874df79ad8232027e', 'impasse de Mary174', 43, -173),
(855, 1613, '8b68f698d9148e3f7e3c141293b328c93958b3cb54de1e5942cbddc7f4ae3a8c', 'avenue de Thibault365', 52, 73),
(856, 1441, 'f32fa4478926f656252e43d4ff76504199b85831fd333e53ae8c1d8d281a853a', 'chemin Arnaude Mace54', -67, -13),
(857, 1681, 'b5f369ae3da98f7cd892c660a29572cff4700aa8fbad0df20ef1c54d5c3252ef', 'chemin de Nicolas350', 49, 120),
(858, 1459, '16d88bf167ca305bfd6fc8954b9418f51043e29caa8db1708d65b7e68cace08c', 'rue Ramos30', 31, 176),
(859, 1607, 'db917503337b4d1000a97667eb3d5d25b81314cf22f6bf49958686a06d6c9e1a', 'chemin Legros194', -65, -28),
(860, 1503, '8c2112b2ee0e7d63f879a24b7731d8f55963eb5f25f7659a1715c37a0b3b80f3', 'place Tanguy169', 76, 114),
(861, 1489, '250a323d73ef2d4a357c85475cc4c17b183660c80072ce86f0b913c2cb189162', 'impasse Vincent333', -61, -20),
(862, 1648, '08f57214bca958e0fc9dc94ba595b1e85eed1e50adab3aba4f9711c8ce4b2890', 'boulevard Lucas Gimenez292', 72, 74),
(863, 1471, '47a531469bc1d2e6a18385f69c914e515ab337b67d0f276e864cd2e62cbafb34', 'avenue Pages189', 56, -14),
(864, 1621, 'aaf50780ccad130cf30e966a9d1ae1658d8c3a65c2e832e4eacff56fde79232c', 'place Aimée Antoine350', 26, 176),
(865, 1521, 'cf29521d3c49b42632f2aaac2794fb21f3079cc03cf2ef04e3a8370f6eaa0ee0', 'place Collin225', 15, -25),
(866, 1571, '41eeb29b745968e6f942ae19fdf4123e8feb9486b37d8319d2f8667527408a18', 'place de Blanc219', -47, 79),
(867, 1527, '38e9ed2219b4c28bd95b2e9e5c593a5ef23faeb5bc4be2a3799ec00429661da6', 'place Tanguy33', -81, -31),
(868, 1647, '8f578daa1a77071bf455a49aa9126046256453d39f475fff88a2fff9a7870170', 'rue Lebon199', 25, 87),
(869, 1459, '89dc53c6830e16440e46ebec7e2965adfd6041ed841ef96a68eba9d86ae48520', 'chemin Bousquet127', -57, 26),
(870, 1685, 'f0c2e70ada42fa6ef79981f7d8a622179789c0e803ef3fe37cb625c0af164134', 'boulevard de Pruvost370', 54, -92),
(871, 1584, '6ddcb9a305dc5a7b0d9e7604b2cdb77e0f46d9f4de014dd64941f5007d4be76a', 'chemin Éléonore Marechal434', 40, 96),
(872, 1466, 'cfbdb366808df1b9720321ce6dd566fcb40459abc3e88d0231d214d30ce49eb7', 'rue de Bailly229', 51, 85),
(873, 1521, '1024258affcb105d541fee7d380220bace77d0c2f0820c1559940ee0785f1e79', 'rue Jérôme Didier390', 77, 177),
(874, 1508, 'c2b46654589aed220e94b53a980ec1a1246e691de019ed8334f90d02a68318d4', 'impasse de Pires374', 85, 68),
(875, 1685, '5575fbf43db71434ea72139d65a0393dd7f4da6e0aef4f8765927518af6532b1', 'impasse Verdier71', -51, -176),
(876, 1501, '7cdbf4a70f11988f836221beec72d3d63092ca79968ac5ad2d7d3b8c6956c647', 'place Brigitte Lefevre111', -28, 70),
(877, 1594, '3da05649f95c056e557c62f491c87461ef4d8a11e93da2e18ff8314b9022fb44', 'avenue Lejeune90', 68, 63),
(878, 1633, '01091991aa7cd2c24cdd8385b8a177b167e7a9bf8012e5973f38cf4f27c254ee', 'chemin de Salmon333', 56, 18),
(879, 1663, '4a696a9ea3646541f3a3378987f9de8ce4583be5e0b72fd709f92fa245cbd6cb', 'place de Dupuis362', -68, -161),
(880, 1498, 'a6f0a4d3b9885709e7b6c0f636363f60eaf8b6431dbf0fb0c7fd2d86947a71dc', 'rue Bailly51', -76, 81),
(881, 1665, 'cd2ceac7e969495cb0d8a5b552021c1e0b8251c7767cf10d0b824e6ba48f5604', 'impasse Céline Delmas497', 44, 59),
(882, 1504, '87381c4190b22223a477f7d70983072324bb4905f0b4829080a7deb0bb576c47', 'avenue Thierry283', -54, -77),
(883, 1561, '83781655ab81b5591f65e604dc9a42c6b16f3604b84e4ca7a04321b853d971bd', 'impasse de Leblanc256', 25, 69),
(884, 1594, '494070a2c5b188da4d76efdb319b5e9082e66fa710185c771b9eb28a30a35367', 'rue Baudry300', 31, 104),
(885, 1641, '34c22a0e35abe64495255dacc7c8d7cfd9e92ec6cc3ef55ae862041eb94c30eb', 'rue Leveque296', -61, 177),
(886, 1686, '862df82b8c0b9164a07dad4f4617332e0140bc14aa47086b96856f05c476ff26', 'avenue Begue316', 60, -107),
(887, 1579, '6fb11655ad786096f00bf5ca3b3ed2b77979631885b0ef02ecbc4de3e691f916', 'chemin de Mathieu126', 70, -168),
(888, 1496, '8ec56d0d80f5a7a7f97398f0ea199a1d9234df83aa643ea83839f0e152eb79fd', 'avenue de Georges424', 87, -114),
(889, 1674, '1f6888f208cd408e552995b12d0a4aee2264a61d63e2cd3690e7dafd45fc7159', 'place de Vaillant415', -81, -132),
(890, 1470, '34aca7e2b4e87e25a01003c72694b861bcfffb46da25701bdfa2e5c51ec454e5', 'avenue Hernandez85', -66, -131),
(891, 1649, '0b9e12723b52dd37136dd63cdebb1787d5d42615f7b99c50c94955f91c462ec4', 'chemin Marchal205', -2, 164),
(892, 1649, '10da31d97db2b2ce01518037ac84d328b590e936173f274138f62abb37b9f624', 'rue de Boulay364', -80, -108),
(893, 1544, '3a225348d37cd3cec1273121b27ce03b66dfad42e69cb0a1449fb8be2905cda0', 'boulevard Julien294', 48, 82),
(894, 1672, 'aefdc3fca68389410ea66c3b451375b07c688df1ca8fc83a9f020c7a8e6beedc', 'impasse Adrien Guibert327', -51, 92),
(895, 1491, '1f9bf1c36b4dd8e12ddf3d5946bb94484a6b6a2530d69dc72e8b61063bde4547', 'boulevard Margaud Jacob359', -71, 19),
(896, 1602, 'c978976553ddb4a4786944d010e642644efbb866ecacc1dded5eb71ab7e9b593', 'impasse Stéphane Camus488', 44, 10),
(897, 1484, 'd6492a5797d7825b9027df034ae7693369efe6ccdd47533248d056922a616e99', 'place René De Sousa311', 73, 77),
(898, 1464, '1f00f83a8c5c488df8b0ece5712b65dce9d3f29c10e5d5cf360178c3aef61eb7', 'rue de Delaunay495', -38, -146),
(899, 1474, 'db664a29a3ef2c367fe7aed451090cf57304abd8e165ee8a99ac249698af43fb', 'avenue Godard257', 50, 60),
(900, 1546, 'f3d48949045e48d6da222293bbdbff71df3fb9d4be5496b51e603b1453242aa5', 'rue Pierre Blondel323', 66, -110),
(901, 1476, '1be2c0a32928df0420e99229d1e3b23846b2dec3240c9c66dc47bb34ed08f5e5', 'avenue Julien Girard351', 36, -158),
(902, 1662, 'a57feb89cdb618d08076d6e4ba0a994d19f282c5767574c3a62a832d78d7c66b', 'chemin de Toussaint74', 48, -55),
(903, 1517, '9589dbbff65f5c22614a71a1685f5f8eb65753a94ccabf152bde80917afc4c64', 'avenue Grégoire Baron117', 42, -66),
(904, 1460, '7ad31b275a7e0160d24ecec348d105abc88fa4683e2568e6642c2cdf2bb5f477', 'avenue Vallee92', 55, -88),
(905, 1658, '7603bec0bbec618c8dda092d764c413eca694ae1574b7186d1ceeaca425fa570', 'avenue Joly471', 23, -89),
(906, 1590, '048bce78655c6d7716f72f92f3965f54a34f34b95e39e739a77eff9134e4fa6a', 'place de Weiss3', -37, -114),
(907, 1589, '6a6e4d91eae5a52afd3e0969efb046d40d0d74acff9f65cf3c43c82ef48ab1c6', 'rue Dupuis350', 69, 37),
(908, 1514, '3985321f761e761b55bb7b45d79c7cb07c35092fcee13026d500de1ef2c87aa7', 'avenue Barbe205', -28, 103),
(909, 1657, '0482ef0bc79d0ac058f6eaf9d32b37a208434a8ff5fd31d6a04a04073bdff77c', 'rue Thibault Lebon309', 55, 87);

-- --------------------------------------------------------

--
-- Structure de la table `sortie`
--

DROP TABLE IF EXISTS `sortie`;
CREATE TABLE IF NOT EXISTS `sortie` (
  `id` int(11) NOT NULL AUTO_INCREMENT,
  `etat_id` int(11) NOT NULL,
  `campus_id` int(11) NOT NULL,
  `lieu_id` int(11) NOT NULL,
  `organisateur_id` int(11) NOT NULL,
  `nom` varchar(255) COLLATE utf8mb4_unicode_ci NOT NULL,
  `date_heure_debut` datetime NOT NULL,
  `duree` int(11) NOT NULL,
  `date_limite_inscription` datetime NOT NULL,
  `nb_max_inscription` int(11) NOT NULL,
  `info_sortie` longtext COLLATE utf8mb4_unicode_ci NOT NULL,
  `complement_info` longtext COLLATE utf8mb4_unicode_ci,
  PRIMARY KEY (`id`),
  UNIQUE KEY `UNIQ_3C3FD3F26C6E55B5` (`nom`),
  KEY `IDX_3C3FD3F2D5E86FF` (`etat_id`),
  KEY `IDX_3C3FD3F2AF5D55E1` (`campus_id`),
  KEY `IDX_3C3FD3F26AB213CC` (`lieu_id`),
  KEY `IDX_3C3FD3F2D936B2FA` (`organisateur_id`)
) ENGINE=InnoDB AUTO_INCREMENT=717 DEFAULT CHARSET=utf8mb4 COLLATE=utf8mb4_unicode_ci;

--
-- Déchargement des données de la table `sortie`
--

INSERT INTO `sortie` (`id`, `etat_id`, `campus_id`, `lieu_id`, `organisateur_id`, `nom`, `date_heure_debut`, `duree`, `date_limite_inscription`, `nb_max_inscription`, `info_sortie`, `complement_info`) VALUES
(467, 170, 99, 723, 976, 'Raynaud S.A.R.L.328', '2021-07-10 06:01:46', 198, '2021-06-30 06:01:46', 5, 'des infos sur la sortie', NULL),
(468, 168, 99, 692, 970, 'Marques S.A.R.L.433', '2021-07-09 06:01:46', 213, '2021-06-29 06:01:46', 16, 'des infos sur la sortie', NULL),
(469, 167, 99, 747, 1033, 'Peltier S.A.S.433', '2021-07-07 06:01:46', 90, '2021-06-27 06:01:46', 6, 'des infos sur la sortie', NULL),
(470, 169, 102, 723, 1064, 'Pineau79', '2021-07-21 06:01:46', 160, '2021-07-11 06:01:46', 16, 'des infos sur la sortie', NULL),
(471, 168, 101, 760, 1059, 'Daniel Dupuy et Fils416', '2021-08-09 06:01:46', 24, '2021-07-30 06:01:46', 12, 'des infos sur la sortie', NULL),
(472, 165, 101, 666, 996, 'Duval S.A.S.53', '2021-07-12 06:01:46', 115, '2021-07-02 06:01:46', 20, 'des infos sur la sortie', NULL),
(473, 169, 101, 702, 1187, 'Roche S.A.211', '2021-07-06 06:01:46', 55, '2021-06-26 06:01:46', 8, 'des infos sur la sortie', NULL),
(474, 164, 101, 785, 1049, 'Berthelot147', '2021-07-08 06:01:46', 100, '2021-06-28 06:01:46', 23, 'des infos sur la sortie', NULL),
(475, 164, 102, 765, 1067, 'Godard Renard SA207', '2021-07-12 06:01:46', 86, '2021-07-02 06:01:46', 25, 'des infos sur la sortie', NULL),
(476, 170, 100, 792, 1042, 'Gonzalez350', '2021-07-04 06:01:46', 36, '2021-06-24 06:01:46', 15, 'des infos sur la sortie', NULL),
(477, 164, 101, 891, 1114, 'Payet51', '2021-07-16 06:01:46', 93, '2021-07-06 06:01:46', 6, 'des infos sur la sortie', NULL),
(478, 164, 99, 871, 1188, 'Coulon25', '2021-07-25 06:01:46', 102, '2021-07-15 06:01:46', 13, 'des infos sur la sortie', NULL),
(479, 169, 100, 853, 1111, 'Costa137', '2021-07-27 06:01:46', 67, '2021-07-17 06:01:46', 24, 'des infos sur la sortie', NULL),
(480, 170, 102, 853, 1158, 'Lacombe SARL159', '2021-08-19 06:01:46', 187, '2021-08-09 06:01:46', 12, 'des infos sur la sortie', NULL),
(481, 165, 101, 839, 1155, 'Pinto Duval S.A.R.L.350', '2021-07-05 06:01:46', 181, '2021-06-25 06:01:46', 24, 'des infos sur la sortie', NULL),
(482, 164, 102, 832, 1047, 'Gomez429', '2021-08-01 06:01:46', 6, '2021-07-22 06:01:46', 21, 'des infos sur la sortie', NULL),
(483, 170, 99, 828, 1048, 'Roche59', '2021-08-04 06:01:46', 207, '2021-07-25 06:01:46', 6, 'des infos sur la sortie', NULL),
(484, 170, 101, 886, 1189, 'Pichon108', '2021-08-02 06:01:46', 64, '2021-07-23 06:01:46', 24, 'des infos sur la sortie', NULL),
(485, 169, 100, 740, 1039, 'Moreau37', '2021-07-02 06:01:46', 160, '2021-06-22 06:01:46', 7, 'des infos sur la sortie', NULL),
(486, 165, 99, 806, 1214, 'Neveu146', '2021-07-21 06:01:46', 133, '2021-07-11 06:01:46', 9, 'des infos sur la sortie', NULL),
(487, 167, 99, 663, 1042, 'Dupont362', '2021-07-02 06:01:46', 229, '2021-06-22 06:01:46', 6, 'des infos sur la sortie', NULL),
(488, 164, 100, 664, 1076, 'Dos Santos155', '2021-08-07 06:01:46', 110, '2021-07-28 06:01:46', 5, 'des infos sur la sortie', NULL),
(489, 168, 102, 666, 1153, 'Maillot380', '2021-08-18 06:01:46', 163, '2021-08-08 06:01:46', 19, 'des infos sur la sortie', NULL),
(490, 168, 101, 778, 1186, 'Langlois S.A.275', '2021-07-11 06:01:46', 238, '2021-07-01 06:01:46', 9, 'des infos sur la sortie', NULL),
(491, 166, 100, 908, 969, 'Petitjean382', '2021-08-11 06:01:46', 6, '2021-08-01 06:01:46', 23, 'des infos sur la sortie', NULL),
(492, 169, 100, 902, 1072, 'Da Costa Bouvet et Fils77', '2021-07-30 06:01:46', 103, '2021-07-20 06:01:46', 12, 'des infos sur la sortie', NULL),
(493, 164, 99, 867, 1119, 'Besson448', '2021-07-20 06:01:46', 192, '2021-07-10 06:01:46', 20, 'des infos sur la sortie', NULL),
(494, 165, 100, 717, 1032, 'Clerc466', '2021-08-09 06:01:46', 133, '2021-07-30 06:01:46', 15, 'des infos sur la sortie', NULL),
(495, 166, 99, 821, 1149, 'Rossi197', '2021-07-05 06:01:46', 75, '2021-06-25 06:01:46', 11, 'des infos sur la sortie', NULL),
(496, 166, 100, 766, 1169, 'Roger389', '2021-07-11 06:01:46', 104, '2021-07-01 06:01:46', 16, 'des infos sur la sortie', NULL),
(497, 164, 101, 864, 1197, 'Bourgeois et Fils209', '2021-08-17 06:01:46', 24, '2021-08-07 06:01:46', 8, 'des infos sur la sortie', NULL),
(498, 166, 99, 772, 1079, 'Weber S.A.S.9', '2021-07-16 06:01:46', 134, '2021-07-06 06:01:46', 14, 'des infos sur la sortie', NULL),
(499, 166, 99, 690, 1175, 'Guillet SARL227', '2021-07-19 06:01:46', 214, '2021-07-09 06:01:46', 7, 'des infos sur la sortie', NULL),
(500, 164, 99, 768, 1138, 'Dupuis S.A.477', '2021-08-14 06:01:46', 135, '2021-08-04 06:01:46', 5, 'des infos sur la sortie', NULL),
(501, 169, 100, 755, 985, 'Marchand61', '2021-07-29 06:01:46', 239, '2021-07-19 06:01:46', 10, 'des infos sur la sortie', NULL),
(502, 170, 102, 797, 1064, 'Gomes S.A.293', '2021-08-20 06:01:46', 45, '2021-08-10 06:01:46', 23, 'des infos sur la sortie', NULL),
(503, 167, 102, 737, 1004, 'Becker352', '2021-07-18 06:01:46', 121, '2021-07-08 06:01:46', 10, 'des infos sur la sortie', NULL),
(504, 170, 101, 799, 1097, 'Imbert S.A.R.L.48', '2021-07-31 06:01:46', 83, '2021-07-21 06:01:46', 17, 'des infos sur la sortie', NULL),
(505, 167, 100, 671, 1193, 'Clerc56', '2021-07-12 06:01:46', 90, '2021-07-02 06:01:46', 10, 'des infos sur la sortie', NULL),
(506, 166, 102, 767, 1165, 'Collin SARL92', '2021-08-18 06:01:46', 196, '2021-08-08 06:01:46', 16, 'des infos sur la sortie', NULL),
(507, 169, 99, 799, 1114, 'Duhamel Auger et Fils17', '2021-08-16 06:01:46', 129, '2021-08-06 06:01:46', 10, 'des infos sur la sortie', NULL),
(508, 168, 99, 749, 1130, 'Valette S.A.489', '2021-08-03 06:01:46', 206, '2021-07-24 06:01:46', 21, 'des infos sur la sortie', NULL),
(509, 168, 99, 664, 1158, 'Fernandes155', '2021-07-20 06:01:46', 41, '2021-07-10 06:01:46', 15, 'des infos sur la sortie', NULL),
(510, 165, 100, 719, 1155, 'Paul SARL362', '2021-08-06 06:01:46', 236, '2021-07-27 06:01:46', 8, 'des infos sur la sortie', NULL),
(511, 164, 100, 853, 990, 'Hoarau22', '2021-08-10 06:01:46', 191, '2021-07-31 06:01:46', 19, 'des infos sur la sortie', NULL),
(512, 168, 99, 888, 1004, 'Hernandez201', '2021-07-10 06:01:46', 148, '2021-06-30 06:01:46', 23, 'des infos sur la sortie', NULL),
(513, 170, 99, 800, 1084, 'Fournier158', '2021-07-18 06:01:46', 114, '2021-07-08 06:01:46', 5, 'des infos sur la sortie', NULL),
(514, 170, 100, 693, 1029, 'Traore374', '2021-08-06 06:01:46', 46, '2021-07-27 06:01:46', 7, 'des infos sur la sortie', NULL),
(515, 168, 99, 901, 969, 'Giraud179', '2021-07-06 06:01:46', 100, '2021-06-26 06:01:46', 9, 'des infos sur la sortie', NULL),
(516, 170, 99, 708, 1105, 'Dupuy Besnard S.A.140', '2021-07-30 06:01:46', 8, '2021-07-20 06:01:46', 15, 'des infos sur la sortie', NULL),
(517, 164, 101, 791, 1092, 'Joly251', '2021-08-08 06:01:46', 110, '2021-07-29 06:01:46', 19, 'des infos sur la sortie', NULL),
(518, 170, 100, 706, 981, 'Lecoq SARL86', '2021-07-28 06:01:46', 8, '2021-07-18 06:01:46', 15, 'des infos sur la sortie', NULL),
(519, 166, 101, 727, 984, 'Allard409', '2021-08-06 06:01:46', 88, '2021-07-27 06:01:46', 15, 'des infos sur la sortie', NULL),
(520, 165, 99, 814, 1143, 'Perrin S.A.S.482', '2021-07-10 06:01:46', 103, '2021-06-30 06:01:46', 8, 'des infos sur la sortie', NULL),
(521, 166, 100, 794, 1085, 'Mercier S.A.235', '2021-08-06 06:01:46', 209, '2021-07-27 06:01:46', 5, 'des infos sur la sortie', NULL),
(522, 170, 102, 792, 1160, 'Launay394', '2021-07-21 06:01:46', 165, '2021-07-11 06:01:46', 14, 'des infos sur la sortie', NULL),
(523, 169, 99, 779, 1079, 'Bouvet269', '2021-08-09 06:01:46', 185, '2021-07-30 06:01:46', 24, 'des infos sur la sortie', NULL),
(524, 166, 102, 829, 1102, 'Boulay59', '2021-07-14 06:01:46', 162, '2021-07-04 06:01:46', 14, 'des infos sur la sortie', NULL),
(525, 165, 101, 839, 1052, 'Parent355', '2021-07-19 06:01:46', 210, '2021-07-09 06:01:46', 24, 'des infos sur la sortie', NULL),
(526, 169, 99, 720, 1078, 'Berthelot Mallet et Fils290', '2021-08-20 06:01:46', 56, '2021-08-10 06:01:46', 5, 'des infos sur la sortie', NULL),
(527, 170, 100, 819, 1191, 'Hoarau291', '2021-07-19 06:01:46', 164, '2021-07-09 06:01:46', 15, 'des infos sur la sortie', NULL),
(528, 166, 99, 781, 1080, 'Colas312', '2021-07-08 06:01:46', 92, '2021-06-28 06:01:46', 10, 'des infos sur la sortie', NULL),
(529, 164, 99, 669, 1185, 'Martineau272', '2021-08-04 06:01:46', 150, '2021-07-25 06:01:46', 22, 'des infos sur la sortie', NULL),
(530, 169, 100, 808, 1094, 'Dupre444', '2021-07-28 06:01:46', 31, '2021-07-18 06:01:46', 24, 'des infos sur la sortie', NULL),
(531, 168, 100, 718, 1047, 'Auger491', '2021-08-16 06:01:46', 88, '2021-08-06 06:01:46', 24, 'des infos sur la sortie', NULL),
(532, 170, 100, 868, 1196, 'Lebrun469', '2021-07-24 06:01:46', 76, '2021-07-14 06:01:46', 14, 'des infos sur la sortie', NULL),
(533, 166, 102, 680, 1141, 'Gomez Dubois S.A.139', '2021-07-12 06:01:46', 149, '2021-07-02 06:01:46', 15, 'des infos sur la sortie', NULL),
(534, 167, 100, 736, 1031, 'Guyot285', '2021-07-11 06:01:46', 160, '2021-07-01 06:01:46', 22, 'des infos sur la sortie', NULL),
(535, 169, 102, 705, 1217, 'Garnier Joseph SARL288', '2021-07-16 06:01:46', 86, '2021-07-06 06:01:46', 23, 'des infos sur la sortie', NULL),
(536, 164, 99, 800, 1071, 'Fouquet342', '2021-07-28 06:01:46', 9, '2021-07-18 06:01:46', 10, 'des infos sur la sortie', NULL),
(537, 165, 101, 836, 994, 'Leleu439', '2021-08-14 06:01:46', 89, '2021-08-04 06:01:46', 17, 'des infos sur la sortie', NULL),
(538, 167, 101, 701, 1159, 'Brun235', '2021-08-13 06:01:46', 240, '2021-08-03 06:01:46', 20, 'des infos sur la sortie', NULL),
(539, 165, 99, 734, 1187, 'Hebert484', '2021-07-12 06:01:46', 2, '2021-07-02 06:01:46', 6, 'des infos sur la sortie', NULL),
(540, 165, 99, 772, 1002, 'Raynaud320', '2021-08-17 06:01:46', 26, '2021-08-07 06:01:46', 8, 'des infos sur la sortie', NULL),
(541, 169, 101, 865, 1200, 'Simon S.A.S.116', '2021-07-25 06:01:46', 190, '2021-07-15 06:01:46', 15, 'des infos sur la sortie', NULL),
(542, 168, 99, 904, 999, 'Pineau SARL384', '2021-07-01 06:01:46', 99, '2021-06-21 06:01:46', 17, 'des infos sur la sortie', NULL),
(543, 164, 100, 906, 1088, 'Olivier S.A.S.66', '2021-07-08 06:01:46', 197, '2021-06-28 06:01:46', 20, 'des infos sur la sortie', NULL),
(544, 167, 102, 807, 1216, 'Riou S.A.S.480', '2021-07-28 06:01:46', 115, '2021-07-18 06:01:46', 15, 'des infos sur la sortie', NULL),
(545, 168, 102, 681, 1017, 'Coulon Gonzalez SA424', '2021-08-09 06:01:46', 33, '2021-07-30 06:01:46', 19, 'des infos sur la sortie', NULL),
(546, 165, 102, 697, 1056, 'Paris217', '2021-08-16 06:01:46', 168, '2021-08-06 06:01:46', 17, 'des infos sur la sortie', NULL),
(547, 169, 101, 870, 969, 'Bonnin411', '2021-08-15 06:01:46', 63, '2021-08-05 06:01:46', 15, 'des infos sur la sortie', NULL),
(548, 168, 101, 673, 1115, 'Blanchet74', '2021-07-31 06:01:46', 222, '2021-07-21 06:01:46', 20, 'des infos sur la sortie', NULL),
(549, 170, 100, 748, 1169, 'Grenier S.A.R.L.175', '2021-08-15 06:01:46', 47, '2021-08-05 06:01:46', 7, 'des infos sur la sortie', NULL),
(550, 168, 99, 796, 984, 'Lopez S.A.R.L.68', '2021-08-16 06:01:46', 223, '2021-08-06 06:01:46', 13, 'des infos sur la sortie', NULL),
(551, 169, 102, 759, 1069, 'Royer S.A.S.364', '2021-08-16 06:01:46', 76, '2021-08-06 06:01:46', 16, 'des infos sur la sortie', NULL),
(552, 165, 100, 667, 1041, 'Levy29', '2021-07-31 06:01:46', 166, '2021-07-21 06:01:46', 19, 'des infos sur la sortie', NULL),
(553, 167, 99, 738, 1088, 'Regnier Pelletier SA82', '2021-07-03 06:01:46', 61, '2021-06-23 06:01:46', 15, 'des infos sur la sortie', NULL),
(554, 166, 101, 859, 1036, 'Marques S.A.302', '2021-07-05 06:01:46', 55, '2021-06-25 06:01:46', 17, 'des infos sur la sortie', NULL),
(555, 168, 102, 759, 1168, 'Guillot44', '2021-08-02 06:01:46', 51, '2021-07-23 06:01:46', 17, 'des infos sur la sortie', NULL),
(556, 164, 100, 863, 1025, 'Marques Guyot S.A.439', '2021-08-15 06:01:46', 160, '2021-08-05 06:01:46', 18, 'des infos sur la sortie', NULL),
(557, 168, 101, 895, 1193, 'Schneider Dumas et Fils458', '2021-08-17 06:01:46', 165, '2021-08-07 06:01:46', 14, 'des infos sur la sortie', NULL),
(558, 169, 102, 853, 1183, 'Germain Maillard SARL163', '2021-08-07 06:01:46', 12, '2021-07-28 06:01:46', 9, 'des infos sur la sortie', NULL),
(559, 168, 101, 861, 1201, 'Prevost S.A.S.367', '2021-07-15 06:01:46', 234, '2021-07-05 06:01:46', 17, 'des infos sur la sortie', NULL),
(560, 167, 101, 723, 1069, 'Dubois178', '2021-07-29 06:01:46', 89, '2021-07-19 06:01:46', 16, 'des infos sur la sortie', NULL),
(561, 164, 99, 781, 1100, 'Roy310', '2021-07-08 06:01:46', 185, '2021-06-28 06:01:46', 9, 'des infos sur la sortie', NULL),
(562, 165, 101, 745, 1033, 'De Oliveira383', '2021-08-06 06:01:46', 124, '2021-07-27 06:01:46', 14, 'des infos sur la sortie', NULL),
(563, 165, 101, 777, 971, 'David S.A.368', '2021-08-15 06:01:46', 71, '2021-08-05 06:01:46', 21, 'des infos sur la sortie', NULL),
(564, 165, 99, 742, 1167, 'Peron254', '2021-08-20 06:01:46', 73, '2021-08-10 06:01:46', 19, 'des infos sur la sortie', NULL),
(565, 164, 99, 668, 994, 'Coulon S.A.S.337', '2021-07-28 06:01:46', 191, '2021-07-18 06:01:46', 24, 'des infos sur la sortie', NULL),
(566, 165, 102, 821, 1069, 'Gaillard S.A.R.L.470', '2021-08-08 06:01:46', 113, '2021-07-29 06:01:46', 14, 'des infos sur la sortie', NULL),
(567, 166, 100, 755, 1188, 'Bousquet Alexandre SARL403', '2021-08-10 06:01:46', 233, '2021-07-31 06:01:46', 14, 'des infos sur la sortie', NULL),
(568, 164, 102, 807, 1180, 'Muller S.A.455', '2021-07-17 06:01:46', 51, '2021-07-07 06:01:46', 10, 'des infos sur la sortie', NULL),
(569, 166, 101, 720, 1156, 'Jean166', '2021-08-01 06:01:46', 159, '2021-07-22 06:01:46', 10, 'des infos sur la sortie', NULL),
(570, 170, 99, 858, 1000, 'Picard313', '2021-07-12 06:01:46', 145, '2021-07-02 06:01:46', 7, 'des infos sur la sortie', NULL),
(571, 166, 102, 824, 1129, 'Navarro Marin S.A.259', '2021-07-18 06:01:46', 236, '2021-07-08 06:01:46', 8, 'des infos sur la sortie', NULL),
(572, 169, 100, 676, 1089, 'Marchand360', '2021-08-16 06:01:46', 29, '2021-08-06 06:01:46', 7, 'des infos sur la sortie', NULL),
(573, 170, 99, 862, 1153, 'Etienne Descamps SARL173', '2021-07-06 06:01:46', 238, '2021-06-26 06:01:46', 18, 'des infos sur la sortie', NULL),
(574, 165, 99, 792, 1006, 'Delmas431', '2021-08-13 06:01:46', 219, '2021-08-03 06:01:46', 5, 'des infos sur la sortie', NULL),
(575, 167, 99, 887, 1166, 'Fournier Lefort S.A.78', '2021-07-29 06:01:46', 17, '2021-07-19 06:01:46', 23, 'des infos sur la sortie', NULL),
(576, 170, 102, 665, 1168, 'Hardy S.A.R.L.178', '2021-07-13 06:01:46', 77, '2021-07-03 06:01:46', 16, 'des infos sur la sortie', NULL),
(577, 165, 102, 882, 1095, 'Dupuy225', '2021-08-01 06:01:46', 2, '2021-07-22 06:01:46', 22, 'des infos sur la sortie', NULL),
(578, 169, 99, 683, 1044, 'Herve S.A.R.L.455', '2021-08-15 06:01:46', 42, '2021-08-05 06:01:46', 9, 'des infos sur la sortie', NULL),
(579, 165, 102, 729, 1015, 'Guillaume Dias S.A.292', '2021-08-04 06:01:46', 64, '2021-07-25 06:01:46', 14, 'des infos sur la sortie', NULL),
(580, 168, 99, 693, 1117, 'Morel128', '2021-08-13 06:01:46', 98, '2021-08-03 06:01:46', 22, 'des infos sur la sortie', NULL),
(581, 169, 99, 814, 1208, 'Vallee376', '2021-07-03 06:01:46', 10, '2021-06-23 06:01:46', 23, 'des infos sur la sortie', NULL),
(582, 165, 99, 751, 1029, 'Gosselin439', '2021-08-07 06:01:46', 194, '2021-07-28 06:01:46', 7, 'des infos sur la sortie', NULL),
(583, 165, 99, 746, 1173, 'Roche441', '2021-07-03 06:01:46', 37, '2021-06-23 06:01:46', 5, 'des infos sur la sortie', NULL),
(584, 170, 102, 890, 1096, 'De Sousa Perrot et Fils288', '2021-07-10 06:01:46', 13, '2021-06-30 06:01:46', 21, 'des infos sur la sortie', NULL),
(585, 168, 101, 846, 1096, 'Noel376', '2021-07-14 06:01:46', 50, '2021-07-04 06:01:46', 5, 'des infos sur la sortie', NULL),
(586, 167, 100, 677, 972, 'Gros266', '2021-08-17 06:01:46', 156, '2021-08-07 06:01:46', 13, 'des infos sur la sortie', NULL),
(587, 170, 101, 766, 1056, 'Barbier SARL370', '2021-08-15 06:01:46', 58, '2021-08-05 06:01:46', 21, 'des infos sur la sortie', NULL),
(588, 164, 100, 802, 999, 'Guichard Sauvage S.A.S.120', '2021-07-20 06:01:46', 211, '2021-07-10 06:01:46', 9, 'des infos sur la sortie', NULL),
(589, 167, 99, 879, 1179, 'Ribeiro316', '2021-07-13 06:01:46', 68, '2021-07-03 06:01:46', 18, 'des infos sur la sortie', NULL),
(590, 167, 101, 731, 1119, 'Pruvost75', '2021-08-08 06:01:46', 203, '2021-07-29 06:01:46', 15, 'des infos sur la sortie', NULL),
(591, 166, 102, 796, 983, 'Barre S.A.414', '2021-08-10 06:01:46', 42, '2021-07-31 06:01:46', 10, 'des infos sur la sortie', NULL),
(592, 168, 100, 901, 1031, 'Vaillant SA336', '2021-08-16 06:01:46', 82, '2021-08-06 06:01:46', 11, 'des infos sur la sortie', NULL),
(593, 165, 101, 861, 1209, 'Lemaire S.A.S.404', '2021-07-29 06:01:46', 28, '2021-07-19 06:01:46', 19, 'des infos sur la sortie', NULL),
(594, 167, 101, 885, 1062, 'Turpin S.A.375', '2021-07-27 06:01:46', 97, '2021-07-17 06:01:46', 12, 'des infos sur la sortie', NULL),
(595, 168, 101, 790, 996, 'Masson S.A.S.139', '2021-07-07 06:01:46', 23, '2021-06-27 06:01:46', 14, 'des infos sur la sortie', NULL),
(596, 167, 101, 887, 972, 'Martineau SA429', '2021-07-13 06:01:46', 216, '2021-07-03 06:01:46', 25, 'des infos sur la sortie', NULL),
(597, 169, 99, 746, 1051, 'Blin Chauveau SA338', '2021-07-11 06:01:46', 83, '2021-07-01 06:01:46', 23, 'des infos sur la sortie', NULL),
(598, 169, 102, 903, 1170, 'Grondin100', '2021-07-27 06:01:46', 75, '2021-07-17 06:01:46', 13, 'des infos sur la sortie', NULL),
(599, 169, 101, 858, 1209, 'Remy Leclerc SA30', '2021-07-01 06:01:46', 228, '2021-06-21 06:01:46', 17, 'des infos sur la sortie', NULL),
(600, 165, 100, 846, 1192, 'Rousseau Lebreton S.A.R.L.448', '2021-07-29 06:01:46', 50, '2021-07-19 06:01:46', 23, 'des infos sur la sortie', NULL),
(601, 164, 102, 702, 1019, 'Pichon205', '2021-08-19 06:01:46', 157, '2021-08-09 06:01:46', 12, 'des infos sur la sortie', NULL),
(602, 167, 100, 812, 1193, 'Leleu473', '2021-07-09 06:01:46', 202, '2021-06-29 06:01:46', 5, 'des infos sur la sortie', NULL),
(603, 164, 101, 748, 1147, 'Normand173', '2021-07-03 06:01:46', 225, '2021-06-23 06:01:46', 5, 'des infos sur la sortie', NULL),
(604, 168, 101, 732, 1012, 'Dupont87', '2021-07-04 06:01:46', 23, '2021-06-24 06:01:46', 8, 'des infos sur la sortie', NULL),
(605, 166, 99, 834, 1042, 'Deschamps500', '2021-08-10 06:01:46', 123, '2021-07-31 06:01:46', 8, 'des infos sur la sortie', NULL),
(606, 166, 101, 869, 1176, 'Verdier Lopez S.A.S.47', '2021-07-10 06:01:46', 236, '2021-06-30 06:01:46', 14, 'des infos sur la sortie', NULL),
(607, 168, 100, 733, 1048, 'Roux S.A.R.L.358', '2021-08-14 06:01:46', 17, '2021-08-04 06:01:46', 22, 'des infos sur la sortie', NULL),
(608, 165, 102, 873, 1001, 'Lopes13', '2021-07-13 06:01:46', 121, '2021-07-03 06:01:46', 25, 'des infos sur la sortie', NULL),
(609, 166, 100, 702, 1107, 'Barthelemy356', '2021-07-11 06:01:46', 167, '2021-07-01 06:01:46', 5, 'des infos sur la sortie', NULL),
(610, 169, 101, 837, 1105, 'Charrier332', '2021-07-16 06:01:46', 204, '2021-07-06 06:01:46', 7, 'des infos sur la sortie', NULL),
(611, 166, 100, 868, 1024, 'Schmitt20', '2021-07-05 06:01:46', 6, '2021-06-25 06:01:46', 16, 'des infos sur la sortie', NULL),
(612, 166, 99, 813, 1092, 'Charles359', '2021-07-21 06:01:46', 222, '2021-07-11 06:01:46', 18, 'des infos sur la sortie', NULL),
(613, 167, 101, 810, 1157, 'Pons374', '2021-07-14 06:01:46', 56, '2021-07-04 06:01:46', 20, 'des infos sur la sortie', NULL),
(614, 170, 100, 739, 1086, 'Olivier SA301', '2021-07-06 06:01:46', 74, '2021-06-26 06:01:46', 7, 'des infos sur la sortie', NULL),
(615, 165, 99, 825, 1072, 'Perez485', '2021-07-06 06:01:46', 63, '2021-06-26 06:01:46', 14, 'des infos sur la sortie', NULL),
(616, 165, 99, 904, 1060, 'Pascal Peltier S.A.194', '2021-08-13 06:01:46', 233, '2021-08-03 06:01:46', 18, 'des infos sur la sortie', NULL),
(617, 169, 101, 744, 994, 'Rodriguez343', '2021-07-31 06:01:46', 99, '2021-07-21 06:01:46', 5, 'des infos sur la sortie', NULL),
(618, 167, 100, 686, 1140, 'Petitjean114', '2021-08-07 06:01:46', 176, '2021-07-28 06:01:46', 21, 'des infos sur la sortie', NULL),
(619, 167, 102, 897, 986, 'Charrier Lebrun S.A.R.L.85', '2021-07-21 06:01:46', 152, '2021-07-11 06:01:46', 25, 'des infos sur la sortie', NULL),
(620, 168, 100, 661, 1152, 'Benoit491', '2021-07-07 06:01:46', 94, '2021-06-27 06:01:46', 5, 'des infos sur la sortie', NULL),
(621, 170, 102, 689, 1192, 'Moreau SA418', '2021-08-04 06:01:46', 234, '2021-07-25 06:01:46', 12, 'des infos sur la sortie', NULL),
(622, 170, 102, 676, 1214, 'Lebrun255', '2021-08-11 06:01:46', 54, '2021-08-01 06:01:46', 5, 'des infos sur la sortie', NULL),
(623, 170, 102, 871, 1206, 'Masson17', '2021-07-15 06:01:46', 33, '2021-07-05 06:01:46', 16, 'des infos sur la sortie', NULL),
(624, 164, 100, 889, 1008, 'Gilbert479', '2021-08-08 06:01:46', 3, '2021-07-29 06:01:46', 10, 'des infos sur la sortie', NULL),
(625, 169, 102, 754, 1006, 'Jourdan Leger et Fils240', '2021-08-15 06:01:46', 144, '2021-08-05 06:01:46', 18, 'des infos sur la sortie', NULL),
(626, 169, 100, 770, 1124, 'Aubry377', '2021-07-28 06:01:46', 95, '2021-07-18 06:01:46', 12, 'des infos sur la sortie', NULL),
(627, 170, 102, 878, 1128, 'Menard S.A.25', '2021-07-05 06:01:46', 164, '2021-06-25 06:01:46', 10, 'des infos sur la sortie', NULL),
(628, 165, 101, 710, 1054, 'Becker197', '2021-07-14 06:01:46', 70, '2021-07-04 06:01:46', 24, 'des infos sur la sortie', NULL),
(629, 166, 102, 684, 1095, 'Delaunay225', '2021-07-21 06:01:46', 149, '2021-07-11 06:01:46', 18, 'des infos sur la sortie', NULL),
(630, 167, 101, 800, 1179, 'Bernard Dumont S.A.R.L.469', '2021-08-19 06:01:46', 92, '2021-08-09 06:01:46', 18, 'des infos sur la sortie', NULL),
(631, 167, 100, 718, 1141, 'Fernandes et Fils256', '2021-07-13 06:01:46', 74, '2021-07-03 06:01:46', 19, 'des infos sur la sortie', NULL),
(632, 166, 100, 873, 1207, 'Lambert60', '2021-07-21 06:01:46', 57, '2021-07-11 06:01:46', 5, 'des infos sur la sortie', NULL),
(633, 169, 100, 718, 1209, 'Charles217', '2021-08-09 06:01:46', 112, '2021-07-30 06:01:46', 20, 'des infos sur la sortie', NULL),
(634, 164, 99, 779, 1092, 'Girard SARL214', '2021-08-03 06:01:46', 30, '2021-07-24 06:01:46', 15, 'des infos sur la sortie', NULL),
(635, 164, 102, 798, 1008, 'Techer SARL171', '2021-07-02 06:01:46', 170, '2021-06-22 06:01:46', 17, 'des infos sur la sortie', NULL),
(636, 165, 100, 734, 1042, 'Clement272', '2021-07-01 06:01:46', 42, '2021-06-21 06:01:46', 10, 'des infos sur la sortie', NULL),
(637, 168, 101, 856, 976, 'Bonneau418', '2021-08-07 06:01:46', 62, '2021-07-28 06:01:46', 10, 'des infos sur la sortie', NULL),
(638, 166, 102, 885, 1131, 'Valette Lefevre SA343', '2021-08-13 06:01:46', 181, '2021-08-03 06:01:46', 7, 'des infos sur la sortie', NULL),
(639, 167, 100, 673, 1108, 'Bouvier495', '2021-08-14 06:01:46', 108, '2021-08-04 06:01:46', 19, 'des infos sur la sortie', NULL),
(640, 168, 102, 747, 1125, 'Marechal Guichard S.A.R.L.207', '2021-07-19 06:01:46', 76, '2021-07-09 06:01:46', 20, 'des infos sur la sortie', NULL),
(641, 169, 99, 782, 994, 'Pascal370', '2021-08-03 06:01:46', 88, '2021-07-24 06:01:46', 7, 'des infos sur la sortie', NULL),
(642, 170, 99, 850, 993, 'Nicolas290', '2021-07-26 06:01:46', 82, '2021-07-16 06:01:46', 22, 'des infos sur la sortie', NULL),
(643, 168, 102, 753, 1200, 'Martineau50', '2021-08-01 06:01:46', 185, '2021-07-22 06:01:46', 15, 'des infos sur la sortie', NULL),
(644, 167, 99, 748, 1140, 'Morel Lacombe S.A.S.166', '2021-07-24 06:01:46', 232, '2021-07-14 06:01:46', 6, 'des infos sur la sortie', NULL),
(645, 168, 102, 853, 1210, 'Lecoq449', '2021-07-08 06:01:46', 154, '2021-06-28 06:01:46', 15, 'des infos sur la sortie', NULL),
(646, 169, 99, 804, 1078, 'Laroche SARL317', '2021-08-12 06:01:46', 8, '2021-08-02 06:01:46', 25, 'des infos sur la sortie', NULL),
(647, 170, 101, 877, 1025, 'Thierry313', '2021-08-09 06:01:46', 82, '2021-07-30 06:01:46', 9, 'des infos sur la sortie', NULL),
(648, 164, 100, 840, 1187, 'Alexandre465', '2021-07-10 06:01:46', 120, '2021-06-30 06:01:46', 23, 'des infos sur la sortie', NULL),
(649, 164, 101, 897, 1039, 'Jacquet Hebert S.A.S.434', '2021-07-31 06:01:46', 15, '2021-07-21 06:01:46', 25, 'des infos sur la sortie', NULL),
(650, 170, 101, 812, 1213, 'Pinto22', '2021-07-20 06:01:46', 34, '2021-07-10 06:01:46', 13, 'des infos sur la sortie', NULL),
(651, 165, 99, 717, 1208, 'Robin231', '2021-07-06 06:01:46', 169, '2021-06-26 06:01:46', 5, 'des infos sur la sortie', NULL),
(652, 170, 102, 879, 994, 'Bernard S.A.S.422', '2021-07-05 06:01:46', 160, '2021-06-25 06:01:46', 24, 'des infos sur la sortie', NULL),
(653, 169, 101, 687, 973, 'Jourdan S.A.S.458', '2021-08-14 06:01:46', 81, '2021-08-04 06:01:46', 6, 'des infos sur la sortie', NULL),
(654, 170, 100, 833, 1129, 'Girard204', '2021-07-18 06:01:46', 120, '2021-07-08 06:01:46', 7, 'des infos sur la sortie', NULL),
(655, 170, 102, 846, 1066, 'Arnaud Teixeira et Fils401', '2021-07-13 06:01:46', 91, '2021-07-03 06:01:46', 20, 'des infos sur la sortie', NULL),
(656, 165, 101, 748, 1189, 'Bodin89', '2021-07-15 06:01:46', 32, '2021-07-05 06:01:46', 19, 'des infos sur la sortie', NULL),
(657, 168, 102, 812, 999, 'Joseph210', '2021-07-01 06:01:46', 78, '2021-06-21 06:01:46', 15, 'des infos sur la sortie', NULL),
(658, 167, 101, 760, 1143, 'Joseph Courtois S.A.133', '2021-08-11 06:01:46', 220, '2021-08-01 06:01:46', 17, 'des infos sur la sortie', NULL),
(659, 167, 100, 717, 1135, 'Bouchet371', '2021-08-11 06:01:46', 227, '2021-08-01 06:01:46', 19, 'des infos sur la sortie', NULL),
(660, 170, 99, 672, 1148, 'Pierre359', '2021-07-07 06:01:46', 70, '2021-06-27 06:01:46', 9, 'des infos sur la sortie', NULL),
(661, 169, 102, 847, 1131, 'Meunier S.A.S.463', '2021-07-03 06:01:46', 89, '2021-06-23 06:01:46', 8, 'des infos sur la sortie', NULL),
(662, 168, 100, 705, 1011, 'Cohen126', '2021-07-14 06:01:46', 173, '2021-07-04 06:01:46', 24, 'des infos sur la sortie', NULL),
(663, 165, 101, 794, 1029, 'Martinez306', '2021-07-01 06:01:46', 40, '2021-06-21 06:01:46', 11, 'des infos sur la sortie', NULL),
(664, 169, 99, 883, 1190, 'Besson54', '2021-07-02 06:01:46', 27, '2021-06-22 06:01:46', 25, 'des infos sur la sortie', NULL),
(665, 170, 101, 731, 1094, 'Parent436', '2021-08-17 06:01:46', 123, '2021-08-07 06:01:46', 15, 'des infos sur la sortie', NULL),
(666, 165, 102, 670, 1112, 'Benoit Valette SA43', '2021-08-18 06:01:46', 202, '2021-08-08 06:01:46', 7, 'des infos sur la sortie', NULL),
(667, 167, 100, 701, 1078, 'Weiss et Fils325', '2021-07-29 06:01:46', 6, '2021-07-19 06:01:46', 23, 'des infos sur la sortie', NULL),
(668, 168, 102, 838, 1204, 'Leblanc329', '2021-08-15 06:01:46', 27, '2021-08-05 06:01:46', 21, 'des infos sur la sortie', NULL),
(669, 167, 101, 698, 1120, 'Faure Descamps SARL383', '2021-08-10 06:01:46', 192, '2021-07-31 06:01:46', 25, 'des infos sur la sortie', NULL),
(670, 164, 101, 826, 1207, 'Allain168', '2021-08-14 06:01:46', 160, '2021-08-04 06:01:46', 5, 'des infos sur la sortie', NULL),
(671, 170, 100, 765, 1188, 'Ferreira Gillet et Fils446', '2021-07-13 06:01:46', 84, '2021-07-03 06:01:46', 5, 'des infos sur la sortie', NULL),
(672, 164, 100, 761, 983, 'Maurice S.A.360', '2021-07-25 06:01:46', 98, '2021-07-15 06:01:46', 13, 'des infos sur la sortie', NULL),
(673, 170, 99, 737, 1186, 'Fernandez SARL475', '2021-07-24 06:01:46', 233, '2021-07-14 06:01:46', 10, 'des infos sur la sortie', NULL),
(674, 168, 99, 664, 1183, 'Rodriguez S.A.R.L.91', '2021-08-14 06:01:46', 138, '2021-08-04 06:01:46', 6, 'des infos sur la sortie', NULL),
(675, 168, 102, 741, 1099, 'Faivre Lopez SARL15', '2021-07-21 06:01:46', 188, '2021-07-11 06:01:46', 12, 'des infos sur la sortie', NULL),
(676, 167, 99, 838, 1077, 'Leconte86', '2021-07-26 06:01:46', 228, '2021-07-16 06:01:46', 15, 'des infos sur la sortie', NULL),
(677, 170, 102, 727, 1202, 'Lemonnier158', '2021-07-02 06:01:46', 83, '2021-06-22 06:01:46', 11, 'des infos sur la sortie', NULL),
(678, 165, 99, 671, 1065, 'Roche208', '2021-07-17 06:01:46', 14, '2021-07-07 06:01:46', 7, 'des infos sur la sortie', NULL),
(679, 166, 99, 875, 1025, 'Leclerc103', '2021-08-14 06:01:46', 79, '2021-08-04 06:01:46', 7, 'des infos sur la sortie', NULL),
(680, 170, 102, 713, 1033, 'Weber213', '2021-07-27 06:01:46', 193, '2021-07-17 06:01:46', 22, 'des infos sur la sortie', NULL),
(681, 166, 102, 672, 1120, 'Martin339', '2021-07-25 06:01:46', 124, '2021-07-15 06:01:46', 22, 'des infos sur la sortie', NULL),
(682, 170, 100, 721, 1217, 'Godard Coste S.A.S.79', '2021-07-31 06:01:46', 170, '2021-07-21 06:01:46', 13, 'des infos sur la sortie', NULL),
(683, 165, 100, 713, 1167, 'Remy Mallet S.A.S.53', '2021-08-17 06:01:46', 133, '2021-08-07 06:01:46', 24, 'des infos sur la sortie', NULL),
(684, 168, 101, 888, 1174, 'Labbe Diallo SA241', '2021-07-10 06:01:46', 175, '2021-06-30 06:01:46', 23, 'des infos sur la sortie', NULL),
(685, 170, 100, 858, 1127, 'Paris Meunier S.A.R.L.121', '2021-08-05 06:01:46', 143, '2021-07-26 06:01:46', 6, 'des infos sur la sortie', NULL),
(686, 165, 100, 816, 1213, 'Durand Joseph S.A.78', '2021-07-19 06:01:46', 211, '2021-07-09 06:01:46', 12, 'des infos sur la sortie', NULL),
(687, 166, 102, 759, 1002, 'Blanc S.A.156', '2021-07-25 06:01:46', 22, '2021-07-15 06:01:46', 15, 'des infos sur la sortie', NULL),
(688, 164, 101, 749, 992, 'Gay S.A.278', '2021-07-12 06:01:46', 87, '2021-07-02 06:01:46', 5, 'des infos sur la sortie', NULL),
(689, 167, 100, 720, 1205, 'Guillot61', '2021-07-28 06:01:46', 200, '2021-07-18 06:01:46', 15, 'des infos sur la sortie', NULL),
(690, 164, 101, 805, 1006, 'Monnier319', '2021-07-19 06:01:46', 77, '2021-07-09 06:01:46', 22, 'des infos sur la sortie', NULL),
(691, 166, 99, 759, 970, 'Morin Goncalves S.A.R.L.451', '2021-07-19 06:01:46', 92, '2021-07-09 06:01:46', 17, 'des infos sur la sortie', NULL),
(692, 170, 102, 837, 1099, 'Dias309', '2021-08-08 06:01:46', 160, '2021-07-29 06:01:46', 19, 'des infos sur la sortie', NULL),
(693, 165, 101, 863, 1189, 'Hamel281', '2021-07-23 06:01:46', 189, '2021-07-13 06:01:46', 15, 'des infos sur la sortie', NULL),
(694, 168, 101, 863, 1041, 'Lesage493', '2021-07-14 06:01:46', 96, '2021-07-04 06:01:46', 25, 'des infos sur la sortie', NULL),
(695, 164, 100, 763, 1138, 'Masse58', '2021-08-14 06:01:46', 37, '2021-08-04 06:01:46', 15, 'des infos sur la sortie', NULL),
(696, 170, 101, 763, 1183, 'Allard115', '2021-07-05 06:01:46', 163, '2021-06-25 06:01:46', 8, 'des infos sur la sortie', NULL),
(697, 168, 99, 811, 970, 'Martins Blin S.A.492', '2021-07-17 06:01:46', 77, '2021-07-07 06:01:46', 25, 'des infos sur la sortie', NULL),
(698, 168, 100, 705, 1213, 'Labbe34', '2021-07-11 06:01:46', 104, '2021-07-01 06:01:46', 23, 'des infos sur la sortie', NULL),
(699, 170, 102, 875, 1149, 'Paul277', '2021-08-18 06:01:46', 61, '2021-08-08 06:01:46', 7, 'des infos sur la sortie', NULL),
(700, 167, 100, 725, 1127, 'Marechal0', '2021-07-14 06:01:46', 122, '2021-07-04 06:01:46', 16, 'des infos sur la sortie', NULL),
(701, 164, 100, 820, 1110, 'Thomas S.A.S.252', '2021-08-20 06:01:46', 133, '2021-08-10 06:01:46', 22, 'des infos sur la sortie', NULL),
(702, 167, 101, 853, 1202, 'Lefort Martel SA498', '2021-07-08 06:01:46', 37, '2021-06-28 06:01:46', 21, 'des infos sur la sortie', NULL),
(703, 169, 99, 778, 1155, 'Bourdon Thibault S.A.S.461', '2021-07-04 06:01:46', 184, '2021-06-24 06:01:46', 16, 'des infos sur la sortie', NULL),
(704, 165, 102, 856, 1129, 'Gonzalez465', '2021-07-05 06:01:46', 98, '2021-06-25 06:01:46', 5, 'des infos sur la sortie', NULL),
(705, 169, 100, 870, 1029, 'Morin456', '2021-07-12 06:01:46', 160, '2021-07-02 06:01:46', 24, 'des infos sur la sortie', NULL),
(706, 167, 101, 667, 988, 'Lebon196', '2021-08-10 06:01:46', 126, '2021-07-31 06:01:46', 16, 'des infos sur la sortie', NULL),
(707, 164, 100, 703, 1194, 'Camus144', '2021-08-03 06:01:46', 217, '2021-07-24 06:01:46', 25, 'des infos sur la sortie', NULL),
(708, 167, 100, 664, 1065, 'Menard Carpentier et Fils360', '2021-07-10 06:01:46', 172, '2021-06-30 06:01:46', 25, 'des infos sur la sortie', NULL),
(709, 170, 102, 681, 1145, 'Bonnin Guillot S.A.S.359', '2021-07-30 06:01:46', 73, '2021-07-20 06:01:46', 25, 'des infos sur la sortie', NULL),
(710, 167, 102, 805, 1028, 'Charpentier303', '2021-07-26 06:01:46', 171, '2021-07-16 06:01:46', 14, 'des infos sur la sortie', NULL),
(711, 169, 102, 807, 1067, 'Henry157', '2021-07-21 06:01:46', 81, '2021-07-11 06:01:46', 17, 'des infos sur la sortie', NULL),
(712, 164, 99, 666, 1133, 'Hubert SARL336', '2021-07-14 06:01:46', 240, '2021-07-04 06:01:46', 23, 'des infos sur la sortie', NULL),
(713, 168, 100, 709, 1026, 'Gerard214', '2021-07-22 06:01:46', 78, '2021-07-12 06:01:46', 18, 'des infos sur la sortie', NULL),
(714, 169, 100, 710, 1042, 'Gautier171', '2021-07-05 06:01:46', 234, '2021-06-25 06:01:46', 9, 'des infos sur la sortie', NULL),
(715, 170, 99, 879, 1034, 'Langlois Rossi S.A.R.L.248', '2021-08-07 06:01:46', 232, '2021-07-28 06:01:46', 9, 'des infos sur la sortie', NULL),
(716, 166, 100, 720, 1153, 'Durand57', '2021-07-28 06:01:46', 28, '2021-07-18 06:01:46', 9, 'des infos sur la sortie', NULL);

-- --------------------------------------------------------

--
-- Structure de la table `sortie_user`
--

DROP TABLE IF EXISTS `sortie_user`;
CREATE TABLE IF NOT EXISTS `sortie_user` (
  `sortie_id` int(11) NOT NULL,
  `user_id` int(11) NOT NULL,
  PRIMARY KEY (`sortie_id`,`user_id`),
  KEY `IDX_8A67684ACC72D953` (`sortie_id`),
  KEY `IDX_8A67684AA76ED395` (`user_id`)
) ENGINE=InnoDB DEFAULT CHARSET=utf8mb4 COLLATE=utf8mb4_unicode_ci;

--
-- Déchargement des données de la table `sortie_user`
--

INSERT INTO `sortie_user` (`sortie_id`, `user_id`) VALUES
(467, 1171),
(468, 989),
(468, 997),
(468, 1043),
(468, 1064),
(468, 1073),
(468, 1091),
(468, 1098),
(469, 1095),
(469, 1140),
(469, 1196),
(470, 998),
(470, 1095),
(470, 1099),
(470, 1147),
(470, 1196),
(470, 1199),
(471, 1026),
(471, 1044),
(471, 1087),
(471, 1088),
(471, 1099),
(471, 1161),
(471, 1171),
(471, 1190),
(471, 1193),
(471, 1196),
(471, 1204),
(472, 1024),
(472, 1040),
(472, 1044),
(472, 1126),
(472, 1136),
(472, 1174),
(472, 1186),
(472, 1207),
(472, 1210),
(473, 1088),
(473, 1109),
(473, 1137),
(474, 1001),
(474, 1023),
(474, 1039),
(474, 1052),
(474, 1054),
(474, 1084),
(474, 1094),
(474, 1112),
(474, 1115),
(474, 1138),
(474, 1145),
(475, 1029),
(475, 1042),
(475, 1082),
(475, 1161),
(475, 1201),
(476, 994),
(476, 1024),
(476, 1046),
(476, 1049),
(476, 1053),
(476, 1070),
(476, 1097),
(476, 1099),
(476, 1132),
(476, 1146),
(476, 1177),
(476, 1186),
(477, 1047),
(477, 1171),
(478, 969),
(478, 1024),
(478, 1027),
(478, 1029),
(478, 1062),
(478, 1082),
(478, 1145),
(478, 1176),
(478, 1181),
(478, 1209),
(479, 1001),
(479, 1148),
(480, 969),
(480, 1122),
(480, 1210),
(482, 1040),
(482, 1060),
(482, 1071),
(482, 1103),
(482, 1135),
(482, 1199),
(484, 970),
(484, 986),
(484, 989),
(484, 1005),
(484, 1006),
(484, 1008),
(484, 1010),
(484, 1016),
(484, 1017),
(484, 1030),
(484, 1043),
(484, 1057),
(484, 1086),
(484, 1103),
(484, 1112),
(484, 1114),
(484, 1165),
(484, 1179),
(485, 1004),
(485, 1067),
(485, 1091),
(485, 1099),
(485, 1106),
(485, 1137),
(485, 1203),
(486, 996),
(486, 1132),
(486, 1141),
(486, 1153),
(488, 1188),
(489, 996),
(489, 1001),
(489, 1097),
(489, 1111),
(489, 1177),
(489, 1189),
(490, 1005),
(490, 1141),
(490, 1153),
(490, 1157),
(491, 971),
(491, 986),
(491, 988),
(491, 992),
(491, 997),
(491, 1007),
(491, 1015),
(491, 1018),
(491, 1076),
(491, 1093),
(491, 1104),
(491, 1108),
(491, 1116),
(491, 1137),
(491, 1158),
(491, 1187),
(491, 1194),
(492, 974),
(492, 999),
(492, 1002),
(492, 1169),
(492, 1185),
(492, 1193),
(493, 991),
(493, 993),
(493, 1036),
(493, 1050),
(493, 1104),
(493, 1156),
(493, 1161),
(493, 1214),
(494, 1099),
(494, 1147),
(494, 1201),
(495, 1007),
(495, 1185),
(495, 1215),
(495, 1216),
(496, 973),
(496, 975),
(496, 997),
(496, 1014),
(496, 1043),
(496, 1092),
(496, 1107),
(496, 1111),
(496, 1125),
(496, 1134),
(496, 1146),
(496, 1158),
(496, 1178),
(496, 1208),
(498, 985),
(498, 1008),
(498, 1012),
(498, 1071),
(498, 1093),
(498, 1128),
(498, 1178),
(499, 1050),
(499, 1066),
(499, 1073),
(499, 1108),
(499, 1135),
(499, 1164),
(499, 1206),
(501, 972),
(501, 988),
(501, 995),
(501, 1021),
(501, 1034),
(501, 1051),
(501, 1131),
(501, 1150),
(501, 1193),
(501, 1218),
(502, 999),
(502, 1070),
(502, 1088),
(502, 1117),
(502, 1139),
(503, 969),
(503, 972),
(503, 1013),
(503, 1038),
(503, 1092),
(503, 1105),
(503, 1112),
(503, 1168),
(504, 969),
(504, 1010),
(504, 1170),
(504, 1206),
(504, 1213),
(505, 970),
(505, 1082),
(505, 1102),
(505, 1123),
(505, 1137),
(505, 1140),
(505, 1195),
(505, 1207),
(506, 1160),
(506, 1197),
(507, 991),
(507, 1028),
(507, 1055),
(507, 1067),
(507, 1080),
(507, 1126),
(508, 997),
(508, 1038),
(508, 1098),
(509, 970),
(509, 1000),
(509, 1010),
(509, 1040),
(509, 1056),
(509, 1077),
(509, 1093),
(509, 1120),
(509, 1130),
(509, 1134),
(509, 1170),
(509, 1198),
(509, 1214),
(510, 1038),
(510, 1099),
(510, 1115),
(510, 1150),
(511, 1018),
(511, 1077),
(511, 1082),
(511, 1105),
(511, 1126),
(511, 1133),
(511, 1158),
(511, 1167),
(511, 1169),
(511, 1199),
(511, 1200),
(511, 1210),
(511, 1213),
(512, 985),
(512, 1116),
(512, 1142),
(512, 1159),
(512, 1166),
(513, 972),
(513, 1016),
(513, 1160),
(513, 1185),
(513, 1187),
(514, 1144),
(514, 1153),
(514, 1165),
(514, 1196),
(514, 1211),
(515, 1052),
(515, 1117),
(515, 1137),
(515, 1170),
(516, 1017),
(516, 1095),
(517, 977),
(517, 1008),
(517, 1031),
(517, 1080),
(517, 1082),
(517, 1134),
(517, 1143),
(517, 1189),
(517, 1190),
(517, 1216),
(518, 986),
(518, 991),
(518, 1017),
(518, 1020),
(518, 1023),
(518, 1025),
(518, 1032),
(518, 1120),
(518, 1127),
(518, 1166),
(519, 1014),
(519, 1024),
(519, 1031),
(519, 1041),
(519, 1079),
(519, 1127),
(519, 1141),
(519, 1143),
(519, 1149),
(519, 1167),
(520, 1004),
(520, 1070),
(520, 1100),
(520, 1143),
(520, 1161),
(520, 1187),
(521, 1126),
(522, 1011),
(522, 1014),
(522, 1031),
(522, 1137),
(522, 1163),
(522, 1168),
(522, 1169),
(522, 1188),
(522, 1193),
(523, 972),
(523, 1009),
(523, 1017),
(523, 1022),
(523, 1044),
(523, 1050),
(523, 1104),
(523, 1124),
(523, 1127),
(523, 1130),
(523, 1142),
(523, 1175),
(523, 1177),
(523, 1212),
(524, 972),
(524, 976),
(524, 985),
(524, 1001),
(524, 1023),
(524, 1054),
(524, 1074),
(524, 1090),
(524, 1123),
(524, 1134),
(524, 1175),
(524, 1206),
(525, 979),
(525, 981),
(525, 997),
(525, 1020),
(525, 1041),
(525, 1076),
(525, 1077),
(525, 1081),
(525, 1082),
(525, 1084),
(525, 1093),
(525, 1095),
(525, 1098),
(525, 1113),
(525, 1114),
(525, 1115),
(525, 1121),
(525, 1139),
(525, 1146),
(525, 1160),
(525, 1194),
(525, 1199),
(526, 1000),
(526, 1007),
(526, 1187),
(527, 1038),
(527, 1156),
(528, 1114),
(528, 1174),
(530, 970),
(530, 981),
(530, 1036),
(530, 1040),
(530, 1111),
(530, 1116),
(530, 1127),
(530, 1131),
(530, 1151),
(531, 979),
(531, 988),
(531, 992),
(531, 1018),
(531, 1019),
(531, 1032),
(531, 1046),
(531, 1051),
(531, 1062),
(531, 1068),
(531, 1077),
(531, 1078),
(531, 1081),
(531, 1089),
(531, 1114),
(531, 1120),
(531, 1131),
(531, 1132),
(531, 1159),
(531, 1165),
(531, 1167),
(531, 1169),
(531, 1193),
(532, 995),
(532, 999),
(532, 1041),
(532, 1059),
(532, 1062),
(532, 1105),
(532, 1116),
(532, 1122),
(532, 1137),
(532, 1150),
(532, 1169),
(533, 1087),
(533, 1132),
(533, 1147),
(533, 1179),
(534, 970),
(534, 986),
(534, 987),
(534, 1007),
(534, 1015),
(534, 1028),
(534, 1048),
(534, 1063),
(534, 1068),
(534, 1069),
(534, 1078),
(534, 1083),
(534, 1091),
(534, 1105),
(534, 1111),
(534, 1126),
(534, 1144),
(534, 1170),
(534, 1175),
(534, 1203),
(534, 1218),
(535, 1052),
(535, 1063),
(535, 1072),
(535, 1109),
(535, 1127),
(535, 1139),
(535, 1212),
(536, 984),
(536, 1010),
(536, 1164),
(537, 970),
(537, 1036),
(537, 1041),
(537, 1080),
(537, 1106),
(537, 1122),
(537, 1158),
(538, 971),
(538, 998),
(538, 1012),
(538, 1013),
(538, 1067),
(538, 1160),
(538, 1168),
(538, 1172),
(538, 1203),
(539, 1025),
(539, 1029),
(539, 1175),
(539, 1200),
(540, 984),
(540, 1194),
(540, 1207),
(541, 1172),
(541, 1203),
(541, 1213),
(542, 1118),
(542, 1124),
(543, 1006),
(543, 1009),
(543, 1032),
(543, 1051),
(543, 1074),
(543, 1208),
(544, 1002),
(544, 1008),
(544, 1032),
(544, 1045),
(544, 1082),
(544, 1084),
(544, 1116),
(544, 1122),
(544, 1123),
(544, 1158),
(545, 976),
(545, 992),
(545, 995),
(545, 1011),
(545, 1039),
(545, 1044),
(545, 1050),
(545, 1064),
(545, 1070),
(545, 1080),
(545, 1100),
(545, 1122),
(545, 1127),
(545, 1137),
(545, 1156),
(545, 1163),
(545, 1218),
(546, 1028),
(546, 1043),
(546, 1054),
(546, 1076),
(546, 1088),
(546, 1089),
(546, 1178),
(546, 1204),
(547, 1006),
(547, 1043),
(547, 1087),
(547, 1102),
(547, 1126),
(547, 1170),
(547, 1185),
(547, 1202),
(548, 970),
(548, 976),
(548, 1013),
(548, 1016),
(548, 1019),
(548, 1022),
(548, 1033),
(548, 1062),
(548, 1086),
(548, 1092),
(548, 1093),
(548, 1130),
(548, 1144),
(548, 1148),
(548, 1191),
(548, 1204),
(549, 1042),
(549, 1171),
(550, 989),
(550, 1031),
(550, 1042),
(550, 1115),
(550, 1210),
(551, 1168),
(551, 1186),
(552, 1039),
(552, 1133),
(553, 991),
(553, 1171),
(554, 971),
(554, 984),
(554, 1010),
(554, 1055),
(554, 1117),
(554, 1125),
(556, 985),
(556, 1040),
(556, 1083),
(556, 1119),
(556, 1124),
(556, 1134),
(556, 1141),
(556, 1150),
(556, 1152),
(556, 1169),
(556, 1195),
(557, 975),
(557, 1032),
(557, 1057),
(557, 1078),
(557, 1083),
(557, 1115),
(557, 1135),
(557, 1160),
(557, 1161),
(557, 1174),
(557, 1176),
(557, 1190),
(557, 1202),
(557, 1207),
(558, 1147),
(558, 1177),
(559, 977),
(559, 981),
(559, 996),
(559, 1024),
(559, 1087),
(559, 1088),
(559, 1186),
(559, 1200),
(559, 1210),
(559, 1211),
(559, 1218),
(560, 972),
(560, 981),
(560, 983),
(560, 1012),
(560, 1033),
(560, 1051),
(560, 1087),
(560, 1091),
(560, 1129),
(560, 1134),
(560, 1136),
(560, 1139),
(560, 1142),
(560, 1144),
(560, 1145),
(560, 1161),
(561, 1095),
(561, 1097),
(561, 1120),
(561, 1132),
(561, 1143),
(561, 1174),
(561, 1209),
(562, 997),
(562, 1007),
(562, 1027),
(562, 1046),
(562, 1047),
(562, 1057),
(562, 1083),
(562, 1087),
(562, 1101),
(562, 1114),
(562, 1179),
(562, 1195),
(563, 980),
(563, 991),
(563, 1098),
(563, 1111),
(563, 1119),
(563, 1124),
(563, 1137),
(563, 1145),
(563, 1146),
(563, 1149),
(563, 1184),
(564, 1029),
(564, 1202),
(565, 979),
(565, 1004),
(565, 1017),
(565, 1037),
(565, 1050),
(565, 1081),
(565, 1128),
(565, 1161),
(565, 1173),
(565, 1214),
(566, 970),
(566, 1040),
(566, 1072),
(566, 1086),
(566, 1095),
(566, 1099),
(566, 1111),
(566, 1148),
(567, 1013),
(567, 1170),
(567, 1175),
(568, 1004),
(568, 1018),
(568, 1034),
(568, 1108),
(568, 1110),
(568, 1145),
(569, 1028),
(569, 1116),
(569, 1153),
(570, 1077),
(572, 975),
(572, 1023),
(572, 1091),
(572, 1135),
(573, 972),
(573, 981),
(573, 1032),
(573, 1075),
(573, 1101),
(573, 1105),
(573, 1116),
(573, 1125),
(573, 1177),
(573, 1195),
(574, 1019),
(574, 1034),
(574, 1122),
(574, 1184),
(574, 1212),
(575, 972),
(575, 976),
(575, 1002),
(575, 1006),
(575, 1007),
(575, 1019),
(575, 1026),
(575, 1027),
(575, 1044),
(575, 1081),
(575, 1095),
(575, 1115),
(575, 1133),
(575, 1154),
(575, 1160),
(575, 1162),
(575, 1176),
(575, 1178),
(576, 981),
(576, 984),
(576, 1043),
(576, 1116),
(576, 1123),
(576, 1139),
(576, 1140),
(576, 1152),
(576, 1161),
(576, 1168),
(576, 1172),
(576, 1189),
(576, 1207),
(577, 1000),
(577, 1027),
(577, 1046),
(577, 1056),
(578, 1047),
(578, 1108),
(578, 1216),
(579, 992),
(579, 1003),
(579, 1063),
(579, 1077),
(579, 1202),
(580, 1033),
(580, 1042),
(580, 1045),
(580, 1134),
(580, 1136),
(580, 1149),
(580, 1150),
(580, 1162),
(582, 1116),
(582, 1139),
(582, 1140),
(583, 999),
(583, 1118),
(583, 1157),
(584, 987),
(584, 999),
(584, 1004),
(584, 1019),
(584, 1026),
(584, 1027),
(584, 1029),
(584, 1034),
(584, 1052),
(584, 1053),
(584, 1079),
(584, 1099),
(584, 1105),
(584, 1143),
(584, 1146),
(584, 1154),
(584, 1189),
(584, 1198),
(584, 1203),
(585, 1014),
(585, 1022),
(585, 1127),
(585, 1148),
(586, 1034),
(586, 1057),
(586, 1062),
(586, 1073),
(586, 1128),
(586, 1162),
(586, 1184),
(586, 1205),
(586, 1208),
(587, 1009),
(587, 1106),
(587, 1195),
(587, 1197),
(587, 1202),
(588, 1038),
(588, 1059),
(588, 1060),
(588, 1084),
(588, 1149),
(588, 1184),
(588, 1205),
(589, 983),
(589, 1018),
(589, 1019),
(589, 1066),
(590, 981),
(590, 1006),
(590, 1026),
(590, 1038),
(590, 1103),
(590, 1115),
(590, 1149),
(590, 1153),
(590, 1174),
(590, 1189),
(590, 1202),
(590, 1216),
(591, 997),
(591, 1057),
(591, 1071),
(591, 1177),
(591, 1196),
(593, 995),
(593, 1029),
(593, 1032),
(593, 1045),
(593, 1072),
(593, 1087),
(593, 1148),
(593, 1160),
(594, 1012),
(594, 1029),
(594, 1053),
(594, 1091),
(594, 1103),
(594, 1160),
(595, 975),
(595, 978),
(595, 1057),
(595, 1104),
(595, 1188),
(596, 976),
(596, 995),
(596, 1025),
(596, 1026),
(596, 1042),
(596, 1084),
(596, 1118),
(596, 1121),
(596, 1167),
(596, 1207),
(596, 1209),
(596, 1215),
(597, 981),
(597, 982),
(597, 989),
(597, 1097),
(597, 1099),
(597, 1128),
(597, 1141),
(597, 1142),
(597, 1177),
(598, 1018),
(598, 1028),
(598, 1051),
(598, 1083),
(598, 1114),
(598, 1131),
(598, 1168),
(598, 1175),
(598, 1191),
(598, 1217),
(599, 1026),
(599, 1139),
(599, 1207),
(600, 1046),
(600, 1048),
(600, 1089),
(600, 1133),
(600, 1174),
(600, 1184),
(601, 1013),
(601, 1047),
(601, 1068),
(601, 1081),
(601, 1161),
(601, 1164),
(602, 1005),
(602, 1045),
(603, 1069),
(604, 992),
(604, 1103),
(604, 1161),
(605, 970),
(605, 976),
(605, 1007),
(605, 1087),
(605, 1118),
(605, 1127),
(605, 1149),
(605, 1193),
(606, 975),
(606, 998),
(606, 1020),
(606, 1046),
(606, 1066),
(606, 1165),
(607, 1104),
(608, 972),
(608, 976),
(608, 989),
(608, 994),
(608, 999),
(608, 1008),
(608, 1015),
(608, 1028),
(608, 1050),
(608, 1077),
(608, 1108),
(608, 1136),
(608, 1151),
(608, 1198),
(609, 1036),
(609, 1065),
(609, 1072),
(610, 1016),
(610, 1046),
(610, 1148),
(611, 982),
(611, 994),
(611, 1020),
(611, 1021),
(611, 1028),
(611, 1030),
(611, 1043),
(611, 1072),
(611, 1146),
(611, 1162),
(611, 1171),
(611, 1172),
(611, 1182),
(611, 1196),
(611, 1200),
(612, 983),
(612, 1009),
(612, 1194),
(612, 1210),
(613, 980),
(613, 1017),
(613, 1061),
(613, 1082),
(613, 1096),
(613, 1184),
(613, 1198),
(614, 1041),
(614, 1075),
(614, 1162),
(615, 1000),
(615, 1019),
(615, 1079),
(615, 1100),
(615, 1118),
(615, 1124),
(615, 1191),
(615, 1215),
(616, 996),
(616, 1044),
(616, 1072),
(616, 1075),
(616, 1159),
(616, 1160),
(616, 1176),
(616, 1185),
(616, 1189),
(616, 1194),
(616, 1204),
(617, 1159),
(618, 993),
(618, 996),
(618, 998),
(618, 1009),
(618, 1094),
(618, 1104),
(618, 1108),
(618, 1112),
(618, 1113),
(618, 1129),
(618, 1200),
(618, 1201),
(619, 978),
(619, 1026),
(619, 1051),
(619, 1060),
(619, 1079),
(619, 1097),
(619, 1101),
(619, 1133),
(619, 1172),
(619, 1194),
(619, 1209),
(620, 1054),
(620, 1149),
(621, 1017),
(621, 1024),
(621, 1061),
(622, 991),
(622, 1093),
(622, 1188),
(623, 982),
(623, 986),
(623, 992),
(623, 995),
(623, 1007),
(623, 1011),
(623, 1040),
(623, 1065),
(623, 1090),
(623, 1118),
(623, 1129),
(623, 1191),
(624, 984),
(624, 986),
(624, 1016),
(624, 1018),
(624, 1122),
(624, 1185),
(625, 1052),
(626, 996),
(628, 978),
(628, 1007),
(628, 1010),
(628, 1046),
(628, 1078),
(628, 1093),
(628, 1117),
(628, 1184),
(628, 1212),
(628, 1216),
(629, 1044),
(630, 970),
(630, 976),
(630, 1010),
(630, 1015),
(630, 1092),
(630, 1118),
(630, 1133),
(630, 1140),
(630, 1150),
(631, 986),
(631, 992),
(631, 993),
(631, 1000),
(631, 1009),
(631, 1017),
(631, 1045),
(631, 1052),
(631, 1090),
(631, 1133),
(631, 1148),
(631, 1174),
(631, 1209),
(631, 1213),
(631, 1217),
(632, 1006),
(632, 1010),
(632, 1025),
(632, 1060),
(632, 1090),
(633, 974),
(633, 978),
(633, 980),
(633, 981),
(633, 991),
(633, 1030),
(633, 1086),
(633, 1111),
(633, 1126),
(633, 1174),
(633, 1201),
(635, 975),
(635, 1028),
(635, 1038),
(635, 1084),
(635, 1098),
(635, 1121),
(635, 1131),
(635, 1148),
(635, 1151),
(635, 1158),
(635, 1162),
(635, 1164),
(635, 1182),
(635, 1208),
(636, 1208),
(637, 972),
(637, 997),
(637, 1011),
(637, 1171),
(637, 1190),
(639, 973),
(639, 985),
(639, 995),
(639, 1001),
(639, 1017),
(639, 1035),
(639, 1059),
(639, 1062),
(639, 1064),
(639, 1071),
(639, 1100),
(639, 1137),
(639, 1148),
(639, 1212),
(640, 970),
(640, 976),
(640, 1005),
(640, 1010),
(640, 1023),
(640, 1040),
(640, 1043),
(640, 1057),
(640, 1068),
(640, 1108),
(640, 1118),
(640, 1141),
(640, 1163),
(641, 983),
(641, 984),
(641, 1036),
(641, 1037),
(641, 1039),
(642, 1076),
(643, 969),
(643, 977),
(643, 1000),
(643, 1004),
(643, 1034),
(643, 1062),
(643, 1073),
(643, 1117),
(643, 1137),
(643, 1203),
(644, 1031),
(644, 1203),
(645, 1025),
(645, 1041),
(645, 1105),
(646, 969),
(646, 987),
(646, 992),
(646, 1016),
(646, 1020),
(646, 1023),
(646, 1054),
(646, 1055),
(646, 1084),
(646, 1088),
(646, 1094),
(646, 1097),
(646, 1099),
(646, 1127),
(646, 1169),
(646, 1195),
(647, 1072),
(648, 987),
(648, 1052),
(648, 1092),
(648, 1111),
(648, 1113),
(648, 1123),
(648, 1188),
(648, 1195),
(648, 1203),
(648, 1204),
(649, 999),
(649, 1006),
(649, 1029),
(649, 1047),
(649, 1051),
(649, 1055),
(649, 1062),
(649, 1067),
(649, 1068),
(649, 1072),
(649, 1087),
(649, 1099),
(649, 1113),
(649, 1115),
(649, 1117),
(649, 1129),
(649, 1140),
(649, 1154),
(649, 1176),
(649, 1179),
(649, 1187),
(649, 1189),
(649, 1208),
(649, 1215),
(650, 998),
(650, 1021),
(650, 1031),
(650, 1039),
(650, 1052),
(650, 1079),
(650, 1082),
(650, 1102),
(650, 1118),
(650, 1173),
(650, 1176),
(650, 1190),
(651, 1014),
(651, 1133),
(651, 1136),
(651, 1166),
(652, 976),
(652, 983),
(652, 1031),
(652, 1041),
(652, 1053),
(652, 1054),
(652, 1063),
(652, 1074),
(652, 1086),
(652, 1093),
(652, 1097),
(652, 1125),
(652, 1127),
(652, 1137),
(652, 1142),
(652, 1165),
(652, 1180),
(652, 1189),
(652, 1194),
(652, 1195),
(652, 1204),
(652, 1206),
(653, 1040),
(653, 1084),
(653, 1207),
(654, 976),
(654, 983),
(654, 989),
(654, 1003),
(654, 1044),
(654, 1130),
(655, 1011),
(655, 1028),
(655, 1034),
(656, 977),
(656, 993),
(656, 1020),
(656, 1070),
(656, 1093),
(656, 1095),
(656, 1109),
(656, 1116),
(656, 1145),
(657, 975),
(657, 1003),
(657, 1029),
(657, 1068),
(657, 1094),
(657, 1121),
(657, 1132),
(657, 1142),
(657, 1152),
(657, 1163),
(657, 1181),
(657, 1187),
(657, 1206),
(657, 1214),
(657, 1215),
(658, 986),
(658, 1066),
(658, 1080),
(658, 1107),
(658, 1166),
(658, 1177),
(658, 1185),
(659, 994),
(659, 1017),
(659, 1087),
(659, 1159),
(660, 981),
(660, 1021),
(660, 1024),
(660, 1033),
(660, 1039),
(660, 1073),
(660, 1074),
(660, 1111),
(660, 1196),
(661, 1086),
(662, 1003),
(662, 1030),
(662, 1043),
(662, 1081),
(662, 1087),
(662, 1113),
(662, 1120),
(662, 1127),
(662, 1129),
(662, 1147),
(662, 1159),
(662, 1167),
(662, 1169),
(663, 1096),
(664, 999),
(664, 1024),
(664, 1044),
(664, 1057),
(664, 1073),
(664, 1095),
(664, 1117),
(664, 1143),
(664, 1154),
(665, 1014),
(665, 1042),
(665, 1047),
(665, 1070),
(665, 1073),
(665, 1130),
(665, 1168),
(665, 1213),
(666, 971),
(666, 990),
(666, 1025),
(666, 1043),
(666, 1130),
(667, 1001),
(667, 1004),
(667, 1032),
(667, 1034),
(667, 1041),
(667, 1060),
(667, 1061),
(667, 1065),
(667, 1071),
(667, 1074),
(667, 1076),
(667, 1078),
(667, 1092),
(667, 1107),
(667, 1118),
(667, 1129),
(667, 1130),
(667, 1136),
(667, 1144),
(667, 1183),
(667, 1199),
(667, 1212),
(668, 994),
(668, 1059),
(668, 1104),
(668, 1184),
(669, 1010),
(669, 1081),
(671, 1016),
(671, 1032),
(671, 1144),
(672, 1004),
(672, 1030),
(672, 1031),
(672, 1062),
(672, 1067),
(672, 1073),
(672, 1090),
(672, 1104),
(672, 1130),
(672, 1165),
(673, 1019),
(673, 1149),
(674, 991),
(674, 1184),
(675, 993),
(675, 1033),
(675, 1087),
(675, 1093),
(675, 1149),
(675, 1158),
(675, 1166),
(675, 1167),
(675, 1179),
(675, 1216),
(676, 969),
(676, 1023),
(676, 1111),
(677, 1002),
(677, 1146),
(677, 1147),
(677, 1161),
(678, 1139),
(679, 1002),
(679, 1058),
(679, 1068),
(679, 1097),
(679, 1138),
(679, 1170),
(679, 1217),
(680, 1042),
(680, 1045),
(680, 1053),
(680, 1055),
(680, 1087),
(680, 1094),
(680, 1125),
(680, 1149),
(680, 1180),
(681, 1214),
(682, 978),
(682, 985),
(682, 1036),
(682, 1039),
(682, 1054),
(682, 1097),
(682, 1110),
(682, 1120),
(682, 1159),
(682, 1177),
(682, 1182),
(683, 978),
(683, 1005),
(683, 1010),
(683, 1049),
(683, 1052),
(683, 1056),
(683, 1066),
(683, 1084),
(683, 1093),
(683, 1101),
(683, 1131),
(683, 1132),
(683, 1134),
(683, 1137),
(683, 1171),
(683, 1173),
(683, 1192),
(683, 1206),
(683, 1216),
(684, 970),
(684, 991),
(684, 1005),
(684, 1028),
(684, 1071),
(684, 1113),
(685, 1210),
(686, 1030),
(686, 1046),
(686, 1111),
(686, 1120),
(687, 997),
(687, 1001),
(687, 1069),
(687, 1076),
(687, 1136),
(687, 1191),
(688, 1016),
(688, 1147),
(688, 1218),
(689, 982),
(689, 1018),
(689, 1020),
(689, 1024),
(689, 1036),
(689, 1118),
(689, 1122),
(689, 1148),
(689, 1152),
(689, 1179),
(689, 1192),
(689, 1196),
(689, 1218),
(690, 1020),
(690, 1022),
(690, 1056),
(690, 1068),
(690, 1094),
(690, 1105),
(690, 1119),
(690, 1156),
(690, 1165),
(690, 1173),
(690, 1211),
(690, 1214),
(692, 974),
(692, 1008),
(692, 1020),
(692, 1037),
(692, 1051),
(692, 1065),
(692, 1147),
(692, 1161),
(692, 1165),
(692, 1177),
(692, 1218),
(693, 973),
(693, 991),
(693, 1009),
(693, 1059),
(693, 1094),
(693, 1116),
(693, 1123),
(693, 1145),
(693, 1147),
(693, 1149),
(693, 1170),
(694, 1033),
(694, 1044),
(694, 1064),
(694, 1094),
(694, 1101),
(694, 1107),
(694, 1114),
(694, 1142),
(694, 1146),
(695, 970),
(695, 973),
(695, 979),
(695, 980),
(695, 1005),
(695, 1006),
(695, 1065),
(695, 1140),
(695, 1163),
(695, 1174),
(696, 1053),
(696, 1114),
(697, 987),
(697, 1063),
(697, 1114),
(697, 1132),
(697, 1146),
(697, 1152),
(697, 1190),
(697, 1193),
(697, 1200),
(698, 1094),
(698, 1127),
(698, 1134),
(698, 1163),
(698, 1174),
(698, 1205),
(699, 1007),
(701, 970),
(701, 988),
(701, 998),
(701, 1021),
(701, 1048),
(701, 1080),
(701, 1084),
(701, 1105),
(701, 1131),
(701, 1151),
(701, 1160),
(701, 1163),
(701, 1188),
(701, 1199),
(702, 1164),
(702, 1170),
(703, 983),
(704, 1095),
(704, 1120),
(704, 1131),
(705, 976),
(705, 997),
(705, 1000),
(705, 1007),
(705, 1037),
(705, 1056),
(705, 1064),
(705, 1066),
(705, 1079),
(705, 1083),
(705, 1115),
(705, 1116),
(705, 1120),
(705, 1122),
(705, 1142),
(705, 1191),
(705, 1204),
(705, 1211),
(706, 1027),
(706, 1066),
(706, 1067),
(706, 1090),
(706, 1102),
(707, 971),
(707, 1028),
(707, 1145),
(707, 1162),
(707, 1167),
(707, 1171),
(707, 1208),
(708, 987),
(708, 1141),
(708, 1148),
(709, 969),
(709, 981),
(709, 998),
(709, 1005),
(709, 1015),
(709, 1020),
(709, 1025),
(709, 1039),
(709, 1040),
(709, 1043),
(709, 1068),
(709, 1071),
(709, 1078),
(709, 1080),
(709, 1082),
(709, 1083),
(709, 1115),
(709, 1145),
(709, 1162),
(710, 1066),
(710, 1138),
(710, 1205),
(710, 1211),
(711, 979),
(711, 1014),
(711, 1033),
(711, 1038),
(711, 1057),
(711, 1063),
(711, 1081),
(711, 1092),
(711, 1131),
(711, 1135),
(711, 1171),
(711, 1197),
(711, 1215),
(712, 973),
(712, 983),
(712, 1002),
(712, 1017),
(712, 1070),
(712, 1071),
(712, 1103),
(712, 1123),
(712, 1194),
(712, 1213),
(714, 1048),
(714, 1074),
(714, 1078),
(714, 1109),
(715, 1056);

-- --------------------------------------------------------

--
-- Structure de la table `user`
--

DROP TABLE IF EXISTS `user`;
CREATE TABLE IF NOT EXISTS `user` (
  `id` int(11) NOT NULL AUTO_INCREMENT,
  `campus_id` int(11) NOT NULL,
  `pseudo` varchar(180) COLLATE utf8mb4_unicode_ci NOT NULL,
  `roles` json NOT NULL,
  `password` varchar(255) COLLATE utf8mb4_unicode_ci NOT NULL,
  `nom` varchar(120) COLLATE utf8mb4_unicode_ci NOT NULL,
  `prenom` varchar(120) COLLATE utf8mb4_unicode_ci NOT NULL,
  `telephone` varchar(13) COLLATE utf8mb4_unicode_ci DEFAULT NULL,
  `mail` varchar(255) COLLATE utf8mb4_unicode_ci NOT NULL,
  `actif` tinyint(1) NOT NULL,
  `photo` varchar(255) COLLATE utf8mb4_unicode_ci DEFAULT NULL,
  PRIMARY KEY (`id`),
  UNIQUE KEY `UNIQ_8D93D64986CC499D` (`pseudo`),
  UNIQUE KEY `UNIQ_8D93D6495126AC48` (`mail`),
  KEY `IDX_8D93D649AF5D55E1` (`campus_id`)
) ENGINE=InnoDB AUTO_INCREMENT=1219 DEFAULT CHARSET=utf8mb4 COLLATE=utf8mb4_unicode_ci;

--
-- Déchargement des données de la table `user`
--

INSERT INTO `user` (`id`, `campus_id`, `pseudo`, `roles`, `password`, `nom`, `prenom`, `telephone`, `mail`, `actif`, `photo`) VALUES
(969, 102, 'agathe.ramos389', '[\"ROLE_ADMIN\"]', '$argon2id$v=19$m=65536,t=4,p=1$M2hYVzBEM3RtdlBBeEtTVw$5zmB5oYWzBE7sfxZtuWaFgwE5GHH16TOnwyeqSS/tDY', 'Bernier324', 'Michel17', '00000000000', 'alphonse04@gonzalez.org1', 1, NULL),
(970, 100, 'vevrard488', '[\"ROLE_USER\"]', '$argon2id$v=19$m=65536,t=4,p=1$N29zaFR2LjdYcGhEQVo5SA$PNxqbv5QCC+RB2ml0KQAkpNkcAG68OUK04cTUA2kopw', 'Guillou420', 'Guillaume149', '00000000000', 'stephane26@fernandez.org362', 1, NULL),
(971, 102, 'audrey01447', '[\"ROLE_USER\"]', '$argon2id$v=19$m=65536,t=4,p=1$VXRmUGowZUxveWdCVy8vNg$GTaV3dTfuP8iEoPP531/MGKBMGrfSCll/OByboZKRww', 'Lemaire332', 'Guy413', '00000000000', 'marc99@hotmail.fr96', 1, NULL),
(972, 102, 'marie05133', '[\"ROLE_USER\"]', '$argon2id$v=19$m=65536,t=4,p=1$aUF1OUFWU1hGUkVhakJaZw$/ElVr63SgE6sQ2zx7wu0FUHQuB61cfOnG9S3cXcQxYs', 'Martineau392', 'Matthieu65', '00000000000', 'wmonnier@bouchet.net97', 1, NULL),
(973, 101, 'thibault.hebert78', '[\"ROLE_USER\"]', '$argon2id$v=19$m=65536,t=4,p=1$aTl4UGV5TEpFeHRIVU16Vw$pLPwMp1EZZQ3i5FoQNq9jPCdOKylpaxUEbXwWx/bffw', 'Sanchez472', 'Roland198', '00000000000', 'wgilles@wanadoo.fr398', 1, NULL),
(974, 99, 'joseph.perez465', '[\"ROLE_USER\"]', '$argon2id$v=19$m=65536,t=4,p=1$Z21RL2llYVJVNGIwZWE4Vw$1kZthJjFN/CJl38ju35q34sSCm9ZQnWPhGbOKgrv3Cw', 'Roger244', 'Marcel379', '00000000000', 'pdubois@club-internet.fr433', 1, NULL),
(975, 100, 'georges.adele6', '[\"ROLE_ADMIN\"]', '$argon2id$v=19$m=65536,t=4,p=1$UzRTcHRCNFp0Ui5mcmRKRA$DTCUJau6EQP1E5NWiUqDkS9+MR2o2wk08ZzURF1pjc4', 'Rodriguez324', 'Matthieu36', '00000000000', 'bigot.richard@orange.fr309', 1, NULL),
(976, 101, 'nathalie.dufour198', '[\"ROLE_ADMIN\"]', '$argon2id$v=19$m=65536,t=4,p=1$UWVBbHN5RnBwZFBON0dOZA$wl1bjF0frhUDd+ZcnX7Hav//EPEPkN5kPtpgzC8hBbQ', 'Rousseau125', 'Jérôme208', '00000000000', 'hferrand@pascal.com162', 1, NULL),
(977, 101, 'rene.daniel292', '[\"ROLE_USER\"]', '$argon2id$v=19$m=65536,t=4,p=1$aFZUSXVFUWZlZUlyTXBsUA$WSuSe9vkmzzVK56ftdgM63U5XRz4BzA5PLnRHey/zQs', 'Martinez474', 'Pierre271', '00000000000', 'xlemaire@gmail.com106', 1, NULL),
(978, 99, 'garnier.jules284', '[\"ROLE_USER\"]', '$argon2id$v=19$m=65536,t=4,p=1$SG5scFRkMkVoc1U3cWMudQ$xLJvOu+/EUEpOcmA8I4taym9Cip+2RwTf4KPCANAPaY', 'Colin261', 'Georges397', '00000000000', 'edith.dubois@mallet.com213', 1, NULL),
(979, 99, 'jacob.guillaume208', '[\"ROLE_ADMIN\"]', '$argon2id$v=19$m=65536,t=4,p=1$UU5kbmhxR2hPNmFJYU9zbA$a4wrenvp2OSzw6vLu43KTFHk5n8jsiHwDOzuhMBxhpw', 'Lejeune80', 'Timothée158', '00000000000', 'khenry@poulain.com286', 1, NULL),
(980, 100, 'ksamson170', '[\"ROLE_USER\"]', '$argon2id$v=19$m=65536,t=4,p=1$cTF3dHEvQldFLzRDRC5sRg$kwdd3/wcWYzIiKbxKXW7jo9o11Zo6p03cuR0/MyuWPE', 'Adam296', 'Alexandre197', '00000000000', 'elegros@martin.fr35', 1, NULL),
(981, 100, 'etienne41151', '[\"ROLE_ADMIN\"]', '$argon2id$v=19$m=65536,t=4,p=1$OElYQUJBL2pzRWRrVG0xZg$M3Q3UJBJUddYb4FFSjWaObxrXRMhylLZ9wKooP0OLak', 'Monnier166', 'Auguste402', '00000000000', 'ferreira.nicolas@barre.com79', 1, NULL),
(982, 101, 'pottier.michel311', '[\"ROLE_USER\"]', '$argon2id$v=19$m=65536,t=4,p=1$c0NYelNlSTM3S3VSRGtFTA$wHUaCtAecIDZJuSWBB1STBWYIVPgUj6H/4RMQ9IbWUo', 'Hebert125', 'Jeanne330', '00000000000', 'guillon.emmanuel@noos.fr48', 1, NULL),
(983, 99, 'raymond58297', '[\"ROLE_ADMIN\"]', '$argon2id$v=19$m=65536,t=4,p=1$NkNvMnV2Y3lWTEhqdUF4NQ$2bjgavpxWo84dzudZTrAqFi/hpr8tjiwtQkqFjvlkE0', 'Blot164', 'Vincent398', '00000000000', 'wfischer@live.com471', 1, NULL),
(984, 99, 'iseguin280', '[\"ROLE_ADMIN\"]', '$argon2id$v=19$m=65536,t=4,p=1$OC53ajV1eTZwL0dLTVNKTw$X48uLYMiP4ffF69qdVIApHZALVCZ4EOAcCHe6KaQeh4', 'Bonneau287', 'Louis177', '00000000000', 'zlombard@morin.com317', 1, NULL),
(985, 101, 'pcollet484', '[\"ROLE_USER\"]', '$argon2id$v=19$m=65536,t=4,p=1$dy83WmlqUFdHakp2NWZGZw$Jr6BkALV8zLzQUrd2HP6xXmQZXPxiI8UGcCGj7g8R1c', 'Toussaint46', 'Agnès233', '00000000000', 'jacques.rocher@hotmail.fr39', 1, NULL),
(986, 100, 'marcel.charrier227', '[\"ROLE_USER\"]', '$argon2id$v=19$m=65536,t=4,p=1$WEdiVmdJLmJzNkxXaGVwUw$bCdetsqo9U1YZ0nkyAR/RsrHEwYeeVJWLrsDNv14Qno', 'Legendre299', 'Aimée187', '00000000000', 'xboulanger@wanadoo.fr135', 1, NULL),
(987, 99, 'gfournier453', '[\"ROLE_ADMIN\"]', '$argon2id$v=19$m=65536,t=4,p=1$bGFSejM4eXdyYXFZRFlzRQ$gKHMkG0IXYoyAYagwB54GurWYujadIkSklXvO2rm9GI', 'Thierry197', 'Christine339', '00000000000', 'benoit.antoine@petit.com416', 1, NULL),
(988, 100, 'legoff.dominique433', '[\"ROLE_USER\"]', '$argon2id$v=19$m=65536,t=4,p=1$YjI3d0VRbmU3blkyZE9neA$mzPAI0LDQD08i/HPzXhcx9zduQJyazVF5Xpk9KSSHFw', 'Allain477', 'Mathilde259', '00000000000', 'xrousseau@jacques.com158', 1, NULL),
(989, 100, 'marcel.payet289', '[\"ROLE_USER\"]', '$argon2id$v=19$m=65536,t=4,p=1$S213U3lBUUVJL3FyaFd1Sg$uMYo83AL7CR4dO8qT0RZGMd/EHUySGCYTh77/GDjbKc', 'Grondin249', 'William306', '00000000000', 'qperez@dossantos.fr349', 1, NULL),
(990, 102, 'preynaud44', '[\"ROLE_ADMIN\"]', '$argon2id$v=19$m=65536,t=4,p=1$UmtReGZmVW9GMUljc29QUA$s8l3wNXqIupEc8u6vSAMvpvXXrTpstLlYpEoE5RECp0', 'Guillon335', 'Roger358', '00000000000', 'claurent@lefevre.net334', 1, NULL),
(991, 102, 'hugues89243', '[\"ROLE_ADMIN\"]', '$argon2id$v=19$m=65536,t=4,p=1$ckRsZDNUaWJHc3lESlZSRA$b3djgcf0VBUwLStVafq0YNqdCSYbFv+sO2BAcz+HsEA', 'Toussaint441', 'Alphonse344', '00000000000', 'marie01@bertin.com436', 1, NULL),
(992, 101, 'ydiaz69', '[\"ROLE_ADMIN\"]', '$argon2id$v=19$m=65536,t=4,p=1$bzdFeFVWeEJOQm53RXIwVw$E200bnJzPveD2cTsJF+JdD7WzsW8sFlj9f6pTKAkr2U', 'Charrier205', 'Renée203', '00000000000', 'frederic.baron@lecomte.net404', 1, NULL),
(993, 101, 'margot33209', '[\"ROLE_USER\"]', '$argon2id$v=19$m=65536,t=4,p=1$MTRYRUc3V1A1RFk5dHJ6TA$3GlLfmP1P8ayi81OVHYeVh6B73siLpqUHYE/FeK/zm8', 'Lopes302', 'Jacques205', '00000000000', 'antoine70@live.com97', 1, NULL),
(994, 101, 'theophile68472', '[\"ROLE_USER\"]', '$argon2id$v=19$m=65536,t=4,p=1$YTQ4azZLQmNEVG8vZktKSw$TM6w2H1XzRovasEeT6YgMRT/I1h4nBIv73D8tpCAqtU', 'Perrier379', 'Lucie252', '00000000000', 'antoinette50@club-internet.fr414', 1, NULL),
(995, 101, 'didier.robert444', '[\"ROLE_USER\"]', '$argon2id$v=19$m=65536,t=4,p=1$cGlzOUxaZW5TNzRtUmM2Lw$zum4MZRbdhfoZk+/jN7P4ZNbeSWJXDFh7Q8JavJgbXc', 'Torres256', 'Jeanne491', '00000000000', 'guy.dupont@rocher.net445', 1, NULL),
(996, 102, 'roland54422', '[\"ROLE_USER\"]', '$argon2id$v=19$m=65536,t=4,p=1$N1RHS0lNOGxNMXlmUkVRYQ$vbHqVYzb4Fo2XlzrdN70uobkX4RN8YQTtP7R/cwE0Uc', 'Richard437', 'Roland222', '00000000000', 'oroux@bouygtel.fr293', 1, NULL),
(997, 102, 'dasilva.benoit162', '[\"ROLE_ADMIN\"]', '$argon2id$v=19$m=65536,t=4,p=1$clJEQmsuZTNhMkl4Y0RYVQ$OkmfGvs2j0NDNoRVf56D1rl4Ks2bnKSZET5kx4pQwPY', 'Gallet454', 'Antoine84', '00000000000', 'benoit30@voila.fr475', 1, NULL),
(998, 102, 'qbouvier445', '[\"ROLE_ADMIN\"]', '$argon2id$v=19$m=65536,t=4,p=1$MC9DTzNYTERlMGN3MWMxaw$t7u6Es8Z6QOdxGazkv95LIyBvmw8BR7yTODaw/+4Zlc', 'Fernandez179', 'Paulette423', '00000000000', 'jbousquet@dbmail.com382', 1, NULL),
(999, 101, 'yrodrigues221', '[\"ROLE_ADMIN\"]', '$argon2id$v=19$m=65536,t=4,p=1$Z25scHUySkJDUVpOaDBodw$8KXhquRmZiZOKalh4ubTqsJC+RXajE8sIEka1l8ZqOQ', 'Schmitt298', 'Lucas25', '00000000000', 'georges.nathalie@chevallier.net410', 1, NULL),
(1000, 99, 'qalbert259', '[\"ROLE_USER\"]', '$argon2id$v=19$m=65536,t=4,p=1$c3R2RkdUYUwzQzJyQVlaNA$+14nCjRA4Sm7pU2CSSudwWw5TP7cCZD2rV6Xm4+HscA', 'Colin373', 'Valentine245', '00000000000', 'juliette.maillard@live.com177', 1, NULL),
(1001, 99, 'thomas.vincent490', '[\"ROLE_USER\"]', '$argon2id$v=19$m=65536,t=4,p=1$bzY4c2F0MUlkcnE1Z3lGdw$vpUHaxecYDNDVXq5lgSiSdP9hWxzTaA7xnckTvlhdPQ', 'Leblanc406', 'Étienne423', '00000000000', 'thierry.sophie@girard.com15', 1, NULL),
(1002, 99, 'tristan24298', '[\"ROLE_ADMIN\"]', '$argon2id$v=19$m=65536,t=4,p=1$ZGczV3hVYU9xamt0a3l5cA$A+xyCAnObBwWY98CC/WXPX8NfdvY3zFeEuXiROSZp5U', 'Thomas284', 'Juliette498', '00000000000', 'lacroix.pauline@gmail.com304', 1, NULL),
(1003, 99, 'jules19362', '[\"ROLE_USER\"]', '$argon2id$v=19$m=65536,t=4,p=1$djNRLklWcmZzUWlZLmlGbQ$b2i/Rr1OZJipQdj4p23bCwEgZWY5xIlddSBX6kElZjY', 'Boulay65', 'Gérard482', '00000000000', 'frederic.garnier@gmail.com370', 1, NULL),
(1004, 100, 'lmace36', '[\"ROLE_ADMIN\"]', '$argon2id$v=19$m=65536,t=4,p=1$TzNQREFTSDFCNkVMaWJDWQ$Sm9QUKbNngsBAGO3yvQcx0A4hV7RnMWne9FlXGdyhng', 'Noel447', 'Danielle438', '00000000000', 'benjamin95@tiscali.fr22', 1, NULL),
(1005, 100, 'laporte.christine171', '[\"ROLE_USER\"]', '$argon2id$v=19$m=65536,t=4,p=1$LlM2QnFyWlc4anYycHZneg$/nZqMoaVNR7W0zTm1jZ7oWKDTBJmmbmy+zRVbJlE5rw', 'Gros6', 'Marguerite238', '00000000000', 'lefebvre.adrienne@noos.fr84', 1, NULL),
(1006, 99, 'mlegall138', '[\"ROLE_USER\"]', '$argon2id$v=19$m=65536,t=4,p=1$ZGxINGdyZVA3Z3lNdTMuUA$i+ov5eJ1qYZlo3gA0rq773M8y1IbLSsI1Ua5mJc5zGg', 'Carpentier131', 'Denis55', '00000000000', 'ypascal@free.fr70', 1, NULL),
(1007, 100, 'alex1548', '[\"ROLE_USER\"]', '$argon2id$v=19$m=65536,t=4,p=1$ckc2Ry8xQ3YySnBBb0hDRg$aUGPRpJEIONLhuucewE4XlJOuXOXhlNfgQXE47ZZd2U', 'Loiseau36', 'Susanne224', '00000000000', 'remy90@hotmail.fr316', 1, NULL),
(1008, 102, 'yleroy215', '[\"ROLE_USER\"]', '$argon2id$v=19$m=65536,t=4,p=1$a2UweE9hQ2h6V0NJenBFdg$MBOO8m4sWOwiRxbbcF0/FgZFMBxS9Fgu2ne8010RXzk', 'Jacob377', 'Alexandrie375', '00000000000', 'hoareau.eugene@tele2.fr333', 1, NULL),
(1009, 99, 'ollivier.franck441', '[\"ROLE_ADMIN\"]', '$argon2id$v=19$m=65536,t=4,p=1$dzR6NDJhNDhIbUZpcHhXMw$y8kq+eeGLRKPYMMh0IDra7HPKFcEDUTx0o/g9xdaQiA', 'Regnier189', 'Gabrielle132', '00000000000', 'verdier.veronique@wanadoo.fr109', 1, NULL),
(1010, 99, 'julie83474', '[\"ROLE_ADMIN\"]', '$argon2id$v=19$m=65536,t=4,p=1$bmxJSlRjOWMzdEJUdmU1Qg$BtEBnxS78U4/BLxeO717Y+eFiISqS0X8vlAgbfvF/50', 'Le Gall88', 'Alexandre146', '00000000000', 'ztessier@henry.com197', 1, NULL),
(1011, 102, 'catherine12160', '[\"ROLE_USER\"]', '$argon2id$v=19$m=65536,t=4,p=1$NWdLUEh6RlNiWUtPYUFvdA$xBxTXZhP6yxww2MrIO+ERSXcsKVemCnB/Y+MvVn/29w', 'Bertin151', 'Tristan84', '00000000000', 'dorothee42@tele2.fr417', 1, NULL),
(1012, 102, 'charlotte.bigot387', '[\"ROLE_ADMIN\"]', '$argon2id$v=19$m=65536,t=4,p=1$WjhkUm9uT3o4VE9RckNSYQ$TEpfP7xghwVoalJJz7weELz4Z5IMXD+9VI9Qbm8e1N8', 'Masse422', 'Olivie145', '00000000000', 'gilbert71@tele2.fr88', 1, NULL),
(1013, 99, 'xperrier27', '[\"ROLE_ADMIN\"]', '$argon2id$v=19$m=65536,t=4,p=1$MW5JbjdMS0VpVkV2SEJObw$2CXdnj/dFWOuK3605wW8CdiuyPVYa5R8hiWYr4j/oNo', 'Noel260', 'Antoine496', '00000000000', 'david.jean@bernier.com159', 1, NULL),
(1014, 102, 'jthomas50', '[\"ROLE_ADMIN\"]', '$argon2id$v=19$m=65536,t=4,p=1$b25ieUhQb0tvTjhHNVJVZA$9LPYLNEpnvClvwX35TqLewAPhNB6Kw4VmCIT2dP6Ab4', 'Grondin90', 'Timothée233', '00000000000', 'eric51@voila.fr100', 1, NULL),
(1015, 102, 'upereira332', '[\"ROLE_USER\"]', '$argon2id$v=19$m=65536,t=4,p=1$Yy5iQUpvb1BzN25iTUN6TA$x6sxRaCL/qIrxxlQ3GSQ/rhCUbSRjBatvAcinsaoIZE', 'Dubois87', 'Jacqueline150', '00000000000', 'gabrielle.charles@benoit.fr416', 1, NULL),
(1016, 102, 'zdumont13', '[\"ROLE_USER\"]', '$argon2id$v=19$m=65536,t=4,p=1$T2lGY2tiaVEzTFNsQWRmeA$dAZ0vagkpQrgFqlMQ0mxDnd9cKOfOC881Oe4gew4DsA', 'Navarro473', 'Zacharie248', '00000000000', 'legendre.michelle@camus.com425', 1, NULL),
(1017, 102, 'marcel.carlier365', '[\"ROLE_ADMIN\"]', '$argon2id$v=19$m=65536,t=4,p=1$cXFHTUxGUGRLaS4yQ0pRbg$AMtsy4z0wquGv52ZwMZzzpDpCkJvUBeImP/pB7NH40Y', 'Riou129', 'Jules308', '00000000000', 'jacquot.francois@gmail.com465', 1, NULL),
(1018, 102, 'zchevalier189', '[\"ROLE_USER\"]', '$argon2id$v=19$m=65536,t=4,p=1$MWhZeC9ZSU9LRkJkR0xTWg$t/s1vfa1jo70b8kB54vzLKFsim55QKNjm8/WL3597FU', 'Legrand255', 'Benoît197', '00000000000', 'denis51@arnaud.com375', 1, NULL),
(1019, 99, 'qleclercq246', '[\"ROLE_USER\"]', '$argon2id$v=19$m=65536,t=4,p=1$a1ZENnRhSC9WLk8wSzdZRA$Nu9Abit96FHgEqUg+mzct34ce16C/Jf3CoGR2PRds8k', 'Marchal352', 'Patricia389', '00000000000', 'marine17@verdier.fr463', 1, NULL),
(1020, 101, 'agathe.lelievre234', '[\"ROLE_USER\"]', '$argon2id$v=19$m=65536,t=4,p=1$cjlXNVRnSVpmd2tnVVlTSg$kmn+iKfDe4/4MGh7eU4EhFC4ps4oF9PRV1p+uZUH23g', 'Dupont116', 'Nicolas335', '00000000000', 'thomas75@barbe.fr430', 1, NULL),
(1021, 102, 'mimbert178', '[\"ROLE_USER\"]', '$argon2id$v=19$m=65536,t=4,p=1$NHFmL3dzTTc1QU5jZEpwaQ$ok5snZSNE1e5a3N/o9O2dNdCDk43DFlQOGQFpVYGu9o', 'Delorme419', 'Théophile42', '00000000000', 'gallet.susanne@alves.com222', 1, NULL),
(1022, 101, 'frederique14405', '[\"ROLE_ADMIN\"]', '$argon2id$v=19$m=65536,t=4,p=1$MGRtNTFHdTVGcFJiT1YzZw$wlgHkuDgMRqUEiA75qgtXcGIDlCAwtTOo9prhxu0bpk', 'Lopez101', 'Thibault15', '00000000000', 'cthibault@ferreira.org52', 1, NULL),
(1023, 101, 'rey.edouard8', '[\"ROLE_USER\"]', '$argon2id$v=19$m=65536,t=4,p=1$cVN0a3Nyc1hEUnFUbzVaUA$OBvKZ82O4r7VDCugFvOEVAO1ZDENidtkmhgFUYoPNlA', 'Andre117', 'Sébastien151', '00000000000', 'anais.leger@sfr.fr82', 1, NULL),
(1024, 100, 'amerle473', '[\"ROLE_USER\"]', '$argon2id$v=19$m=65536,t=4,p=1$RlVjL1Zka3hMVUZVTm1iaQ$8Q4WjYK5HzLgP/2Vm9z4YVHtbmVkFP/KBgUb8xw6TSM', 'Perrot238', 'Alexandria437', '00000000000', 'qleblanc@voila.fr136', 1, NULL),
(1025, 102, 'ytraore171', '[\"ROLE_ADMIN\"]', '$argon2id$v=19$m=65536,t=4,p=1$SWtvUDBWRmFDaWNqTGtrNQ$AcIKDpKewXGxOXS1cOtkHAydReMlYYnQMQb8DuyqLjA', 'Goncalves306', 'Laetitia54', '00000000000', 'simone.gallet@denis.com150', 1, NULL),
(1026, 101, 'simone.mendes499', '[\"ROLE_USER\"]', '$argon2id$v=19$m=65536,t=4,p=1$Ukx4d254dWJwczB3bktSYQ$Ok7OuVM3WQry9jhEEgby0zZLqvvNUu6rcLo77PV4NiA', 'Normand70', 'Maurice442', '00000000000', 'lnguyen@sfr.fr359', 1, NULL),
(1027, 101, 'lecoq.marine90', '[\"ROLE_USER\"]', '$argon2id$v=19$m=65536,t=4,p=1$T1BFVk1TREp1TVEuU3RmRg$GsT4GgzADo25hX5SoOU+IJRm1IsOAl4bUzZe4SPvPRk', 'Devaux443', 'Sabine0', '00000000000', 'tristan.berger@royer.net274', 1, NULL),
(1028, 99, 'cousin.penelope430', '[\"ROLE_ADMIN\"]', '$argon2id$v=19$m=65536,t=4,p=1$cHpzS09CN0RYN094NlVlWQ$ZkUMeMZUZfSpxR4er/nZCS5LFk0emTmImEvq3aacZTU', 'Baudry64', 'Gérard390', '00000000000', 'pdelattre@laposte.net225', 1, NULL),
(1029, 102, 'veronique.chevallier301', '[\"ROLE_ADMIN\"]', '$argon2id$v=19$m=65536,t=4,p=1$Yld6aW1ua2RpOXhYM1ZGTw$zA0VH47lnWCQoECU0kxKGDJnnP7NhEIHER2onejtkJs', 'Coste126', 'Margaret428', '00000000000', 'paulette.lambert@leduc.fr100', 1, NULL),
(1030, 102, 'cboulay486', '[\"ROLE_USER\"]', '$argon2id$v=19$m=65536,t=4,p=1$NHd6QXEzQkptLnRWOWlUSA$6ot0bQiJFANacI2ZHKTk2JXPiQk8i9f0SlPEUKjTVAc', 'Carre257', 'Laurent21', '00000000000', 'michaud.margot@wanadoo.fr258', 1, NULL),
(1031, 99, 'danielle36208', '[\"ROLE_USER\"]', '$argon2id$v=19$m=65536,t=4,p=1$aFJiQWtDUWhRQ1B6a21EMg$CiuGT+eRrf50dTx9o5ecYzWhBHEHhuPHdZR2S6ZbSeQ', 'Joly351', 'Paulette409', '00000000000', 'georges.dominique@orange.fr262', 1, NULL),
(1032, 99, 'meyer.daniel138', '[\"ROLE_ADMIN\"]', '$argon2id$v=19$m=65536,t=4,p=1$aVdtZUsxdEJ6eUZCVmJ4dA$D8/UkYOrpt5eD/kvLPM/0hkBlNoJFYcRQpvM5FDG5a0', 'Techer464', 'Michelle463', '00000000000', 'dorothee66@wanadoo.fr301', 1, NULL),
(1033, 101, 'camille.dupuy388', '[\"ROLE_ADMIN\"]', '$argon2id$v=19$m=65536,t=4,p=1$RnEvWXJhcS9zRXNWZEhGbw$0RFdlhTZWLf1dPbXkH3aPhIpyvg2BrGE+IC4agAeDOQ', 'Barre256', 'Henri337', '00000000000', 'sophie.leconte@ifrance.com242', 1, NULL),
(1034, 100, 'lacroix.sebastien468', '[\"ROLE_ADMIN\"]', '$argon2id$v=19$m=65536,t=4,p=1$Ymh2d1B6Zlh3T25iL0VaQg$w1G8Vppu3jfamsYPho5g2P7LhSSAqxbax9Sq/9Pitlw', 'Blanchard407', 'André290', '00000000000', 'michelle55@vallee.fr439', 1, NULL),
(1035, 99, 'mbodin321', '[\"ROLE_ADMIN\"]', '$argon2id$v=19$m=65536,t=4,p=1$NU1QLmlER0cyL3hGN0x2Vw$O8aglBvEiaII9EsBU0bvzRY4QPODd8mKcLG28rmrNEA', 'De Sousa276', 'Henriette48', '00000000000', 'alphonse76@guillou.fr151', 1, NULL),
(1036, 99, 'clanglois3', '[\"ROLE_USER\"]', '$argon2id$v=19$m=65536,t=4,p=1$Q2oxQ0t4SFIvelJvRTZzZQ$26Jb/71jWDfeFDY3AQYPy3DqUi+waK4refF4e+tbOK4', 'Clerc205', 'Sabine243', '00000000000', 'umaurice@pires.fr19', 1, NULL),
(1037, 99, 'lacroix.renee34', '[\"ROLE_ADMIN\"]', '$argon2id$v=19$m=65536,t=4,p=1$Z25jL2xpcXNSZUJUZnZacg$ztejZYYC6RnC3Lgj3jG67e+vxbyiUcVei5t2lFK3iPE', 'Brunel64', 'Emmanuelle114', '00000000000', 'guillaume93@costa.com134', 1, NULL),
(1038, 101, 'duhamel.pierre354', '[\"ROLE_ADMIN\"]', '$argon2id$v=19$m=65536,t=4,p=1$bEgwZUdZM1ZoVU1qbUlXVw$4xQTjLLBUbhb2C1t/PMa7HSDULb6c8EswAB8MP6yEik', 'Francois312', 'Noël360', '00000000000', 'xrichard@laposte.net64', 1, NULL),
(1039, 101, 'lemaitre.antoine1', '[\"ROLE_ADMIN\"]', '$argon2id$v=19$m=65536,t=4,p=1$b21kS1NYZzhGUmhhQVhzZQ$uQQD5NTx0f9K9C9MpxfyNbd2OWsnnL4At0JfgGtcQek', 'Roussel212', 'Bernadette143', '00000000000', 'claude.chauvet@masson.net262', 1, NULL),
(1040, 102, 'julien.fouquet383', '[\"ROLE_USER\"]', '$argon2id$v=19$m=65536,t=4,p=1$V0YwTmJvVHhuTlJtNDNtNw$/+inZVD37suYwnsyx2WoVcS2U4yp9MdQVZ5emm/bgJ8', 'Marchand181', 'Élise458', '00000000000', 'kmunoz@yahoo.fr203', 1, NULL),
(1041, 102, 'yraynaud449', '[\"ROLE_USER\"]', '$argon2id$v=19$m=65536,t=4,p=1$SkpwaWZrUDlRY1VBcXJpbA$pcByPu9JPxoAQBQTjBlTBKPjVWqbT3DsrpndJjZc/nc', 'Martins24', 'Xavier237', '00000000000', 'aime.laine@brunet.com70', 1, NULL),
(1042, 101, 'bruneau.elodie49', '[\"ROLE_ADMIN\"]', '$argon2id$v=19$m=65536,t=4,p=1$djd6RUxIVmtJUUlVN2ZSNg$I2GVstFkUzUeT2MQP0cUmpOoG2fCK6V3Yul9aeiUc7E', 'Didier2', 'Nicole141', '00000000000', 'xavier.desousa@gillet.fr482', 1, NULL),
(1043, 100, 'henri94136', '[\"ROLE_ADMIN\"]', '$argon2id$v=19$m=65536,t=4,p=1$R05Oby9QVW1pem1ITExFZA$wHckIHE7avY6FZYmVKEY/m9SY0m7YGZZEzd8djevnVc', 'Jacquet8', 'Franck327', '00000000000', 'simon.yves@tele2.fr385', 1, NULL),
(1044, 102, 'cdumont303', '[\"ROLE_ADMIN\"]', '$argon2id$v=19$m=65536,t=4,p=1$dEZKOXVmLzRiQ2pXd3EwdA$cofu3C0Cfdn7dC/s+YKbZ5i9jcrGzUnUxj4U8XywcAY', 'Gros81', 'Henriette407', '00000000000', 'guyon.louise@delattre.com211', 1, NULL),
(1045, 101, 'alphonse06358', '[\"ROLE_USER\"]', '$argon2id$v=19$m=65536,t=4,p=1$MlJxY2dCQ0NoRlRyZEwzNA$JzzcieSeGLR5Mzcm6RxNgQiSx5/IBDNwNUzuzQNvl7s', 'Weber431', 'Adrien316', '00000000000', 'brigitte46@hardy.net309', 1, NULL),
(1046, 101, 'qcollet113', '[\"ROLE_USER\"]', '$argon2id$v=19$m=65536,t=4,p=1$ZG92b0lodUlCaTBrSEdETg$ZC/MPB271+jY/RPOmefzGzdSEKsisO6y3yRrirsJhPk', 'Colin484', 'Susan150', '00000000000', 'xpruvost@lenoir.fr407', 1, NULL),
(1047, 99, 'gonzalez.charlotte127', '[\"ROLE_ADMIN\"]', '$argon2id$v=19$m=65536,t=4,p=1$V1BLOVJYWlBORmdVSm9PZA$E7YI0YwP3ZO7jyg29SclxomizXO7hK6aUQhsjNzSRso', 'Foucher340', 'Jules180', '00000000000', 'danielle.roche@blondel.fr74', 1, NULL),
(1048, 100, 'julien24258', '[\"ROLE_USER\"]', '$argon2id$v=19$m=65536,t=4,p=1$WEx6Wk5uc0dISk1uLjl2Uw$rrwwrHMdj7KD4zSnuSf+EKyPeq3DkySfOKiWAIhiG+E', 'Jean214', 'Emmanuelle106', '00000000000', 'mathieu.marthe@ifrance.com433', 1, NULL),
(1049, 100, 'denis.gay411', '[\"ROLE_ADMIN\"]', '$argon2id$v=19$m=65536,t=4,p=1$UzRQbnBTdE9OSHkzT0xhNw$BQ4xHwDUXHLbkswvN/gPp27U6bLEnov7jWZtPNrEItw', 'Gilles200', 'Catherine60', '00000000000', 'eric.masson@brunet.fr223', 1, NULL),
(1050, 100, 'helene26331', '[\"ROLE_USER\"]', '$argon2id$v=19$m=65536,t=4,p=1$SHkyaS52cXJYeG5rMFIxYQ$dnDXwdYnhI83aqHm8oz8v3iRfBs/7KoneJuCvwixc1g', 'Weber64', 'Simone309', '00000000000', 'emile60@didier.com38', 1, NULL),
(1051, 101, 'mallet.alex495', '[\"ROLE_ADMIN\"]', '$argon2id$v=19$m=65536,t=4,p=1$L2JoVnlyc2F0cWk0bTBUcg$FU+3AIUarUrPTVJ7Ng3sg3Gf8TLboGIpu+HLm+ZfrQ0', 'Etienne100', 'Grégoire90', '00000000000', 'proux@aubry.fr447', 1, NULL),
(1052, 101, 'leroy.margot236', '[\"ROLE_ADMIN\"]', '$argon2id$v=19$m=65536,t=4,p=1$QVJ1aUZLZHRsVS8yLmF4Zw$1UmrQE6DkPhPv1mz9Dd1qQb1RkYnvNCCgZlkvWmbGr0', 'Hebert476', 'Bertrand127', '00000000000', 'yreynaud@gmail.com287', 1, NULL),
(1053, 99, 'christelle87329', '[\"ROLE_ADMIN\"]', '$argon2id$v=19$m=65536,t=4,p=1$OXl3U1lMZDlrRENoeEpSTQ$JXU0Jz8MGC4Y/o7qvAq4/f8G0h20HulOWM7lFcV5vi8', 'Foucher243', 'Charles307', '00000000000', 'sebastien.joly@orange.fr464', 1, NULL),
(1054, 100, 'wgautier8', '[\"ROLE_USER\"]', '$argon2id$v=19$m=65536,t=4,p=1$Sy5PMXllenFSR25aT2NQaA$iXN8xFYynlxxFv320tlMuHMXt/jH8XoyOq3zbTLJW2k', 'Fontaine246', 'Nicolas423', '00000000000', 'hvallet@voila.fr50', 1, NULL),
(1055, 102, 'flambert492', '[\"ROLE_ADMIN\"]', '$argon2id$v=19$m=65536,t=4,p=1$VEtnS0dSRUV0ZHZVSHlpQQ$HpUDuyYl6z1eFHShJfdpBysyqYmCQ0yRUy5cJpmmDbk', 'Evrard467', 'Roger101', '00000000000', 'fournier.gregoire@voila.fr87', 1, NULL),
(1056, 99, 'wthibault159', '[\"ROLE_ADMIN\"]', '$argon2id$v=19$m=65536,t=4,p=1$Q1VhNksvLi5UM29uVW1aVA$KhrP6lbo/rSFjmMHfeoQ7yJz6MqUDXNnQ5TfNW8huJE', 'Imbert100', 'Augustin329', '00000000000', 'bgomes@free.fr188', 1, NULL),
(1057, 100, 'therese.cousin120', '[\"ROLE_ADMIN\"]', '$argon2id$v=19$m=65536,t=4,p=1$UExIUDdSU1NYLjlVUG04WQ$p9Vch0GyjXn2Scm0OTVoXIYq2ZcDsKWVnONfwg5CCd4', 'Lamy393', 'Nicolas11', '00000000000', 'ymasse@jourdan.com195', 1, NULL),
(1058, 101, 'riou.dorothee388', '[\"ROLE_USER\"]', '$argon2id$v=19$m=65536,t=4,p=1$b3cyOVl0SEdGbUI0VGFBcg$rxh7JjTlbfJWe07KOInvDexNeXIg14C505DZo5bcwBw', 'Hamel331', 'Henri231', '00000000000', 'boyer.isabelle@gmail.com140', 1, NULL),
(1059, 99, 'qbrunet354', '[\"ROLE_ADMIN\"]', '$argon2id$v=19$m=65536,t=4,p=1$MmhNS0JJN3VkOENPUGJYWg$lb0dDHLMuqJtaB/rfevlsL+1ozr3Zg4uFLxzzvHT1N0', 'Gerard75', 'Paulette107', '00000000000', 'victoire55@tele2.fr248', 1, NULL),
(1060, 101, 'garcia.alix264', '[\"ROLE_USER\"]', '$argon2id$v=19$m=65536,t=4,p=1$MTh6WmNva1hoYlJkY1dDMQ$tsg/SwyIZKEol6BhNeLiHEsHs5JEi9OTlMoN83L8lRs', 'Lefevre374', 'Benjamin301', '00000000000', 'rblondel@devaux.com350', 1, NULL),
(1061, 100, 'patrick.tanguy425', '[\"ROLE_USER\"]', '$argon2id$v=19$m=65536,t=4,p=1$ZVdCcEJWTnJSUTZ4QzRJRw$E80m8tf24HWrfOnPbf6RiNs6XV8SKzC9d6nb+oxDrMc', 'Moulin140', 'Dominique275', '00000000000', 'honore45@laposte.net100', 1, NULL),
(1062, 101, 'alain40489', '[\"ROLE_USER\"]', '$argon2id$v=19$m=65536,t=4,p=1$aUFqWXh6alR6b2dTckpFWQ$FpolsLfKRuUvMqrcDyhwMjNMuX10wIgk+RCD6cf9ocY', 'Lecomte328', 'Aimée460', '00000000000', 'honore78@wanadoo.fr268', 1, NULL),
(1063, 99, 'stephane.gautier379', '[\"ROLE_USER\"]', '$argon2id$v=19$m=65536,t=4,p=1$bURkWWtONFdaaXBXVEdkeA$Yxqfj0WsQShPRxcTQ1rEGCUx4l9HBXkVYsQH4u+kjYY', 'Julien483', 'Rémy22', '00000000000', 'valentine66@mendes.com269', 1, NULL),
(1064, 101, 'guillou.eric249', '[\"ROLE_USER\"]', '$argon2id$v=19$m=65536,t=4,p=1$ZFRSMklOZFVBZjFSdFRtQQ$wN3GJ5VzvwzHqOBuQ3XAe4oHmyiHUgyHDBp+k9hf2Mw', 'Adam307', 'Hélène495', '00000000000', 'christine.meyer@wanadoo.fr219', 1, NULL),
(1065, 99, 'virginie.camus259', '[\"ROLE_ADMIN\"]', '$argon2id$v=19$m=65536,t=4,p=1$UVlFWTJONnJCcjhMS3JQRw$KsotnRaKk0l79jRXA8zMrhMLmtEj5vKfK822Zhjhgls', 'Legrand330', 'Timothée367', '00000000000', 'simone78@roger.fr468', 1, NULL),
(1066, 99, 'ihamel320', '[\"ROLE_ADMIN\"]', '$argon2id$v=19$m=65536,t=4,p=1$YUdPbE8uV2EvdVpZNkVGWQ$01Ah2IoUipauni1JJLO1VRwH9KK0yvx3XAS4ZJVK740', 'Bouchet327', 'Laetitia489', '00000000000', 'richard88@launay.net323', 1, NULL),
(1067, 101, 'bourdon.diane73', '[\"ROLE_USER\"]', '$argon2id$v=19$m=65536,t=4,p=1$bVB5bTNONzhGamIvdklYeg$bJZ0emwKWUxhu8k6qZmHYmKPMVartG/oiI0FQlOyy0M', 'Le Goff120', 'Louis135', '00000000000', 'jeannine.berger@yahoo.fr230', 1, NULL),
(1068, 100, 'marie35460', '[\"ROLE_ADMIN\"]', '$argon2id$v=19$m=65536,t=4,p=1$blFRYTNBL3FDN1JhWHpjNA$gOa1vgChwi+2xkth/8qhu551wSh4WXpek6DOWOMiAIU', 'Joly144', 'Océane236', '00000000000', 'adrienne88@wanadoo.fr133', 1, NULL),
(1069, 100, 'marc.fournier45', '[\"ROLE_ADMIN\"]', '$argon2id$v=19$m=65536,t=4,p=1$eXV3LzJjYmRSZ3JXZFlPUw$8fJn8hWxvpMYF+3ZAXKTpNaXFK/NU18bUGuVoY2ZxY8', 'Rocher164', 'Aurélie463', '00000000000', 'delorme.caroline@pinto.fr33', 1, NULL),
(1070, 100, 'sebastien.fischer407', '[\"ROLE_ADMIN\"]', '$argon2id$v=19$m=65536,t=4,p=1$ZUhEZU5UczE1eUlmREtHYQ$stjDp3o1GO7AcSU2krICkvAHshVNvaBceiBm+qhQJy4', 'Bonnet450', 'Susan132', '00000000000', 'masse.patrick@gosselin.net125', 1, NULL),
(1071, 99, 'zclement267', '[\"ROLE_USER\"]', '$argon2id$v=19$m=65536,t=4,p=1$NW9BeWlLNDZUMUlFYldQLg$F6HXkFyaVXL2pyUqKdm5SSsS+FpbhO7WyucWHuQaFwQ', 'Perez188', 'Sylvie372', '00000000000', 'gabriel.gilles@andre.com78', 1, NULL),
(1072, 100, 'susan.morvan252', '[\"ROLE_ADMIN\"]', '$argon2id$v=19$m=65536,t=4,p=1$bGRqNnp1b2VJR3EvNEt0YQ$Er1z/WGZGpDNeBSBelJUMrciZxbNvmFprH4O6rqMBWw', 'Pelletier204', 'Adrien36', '00000000000', 'bberger@hotmail.fr196', 1, NULL),
(1073, 102, 'morvan.georges23', '[\"ROLE_USER\"]', '$argon2id$v=19$m=65536,t=4,p=1$UDNGVzZsQTlSMWZrbXkwTw$NaNzPlKJvyorIk2fNwLG44wJw3nZiOO0AiV8Ag8rEWA', 'Vasseur132', 'Nathalie376', '00000000000', 'meyer.robert@gmail.com386', 1, NULL),
(1074, 102, 'therese968', '[\"ROLE_ADMIN\"]', '$argon2id$v=19$m=65536,t=4,p=1$Y0kxSlJ5UHZXZ0pDdXJQdA$tbPFUDj8B7pM1mkr3lcU2Lkgl85t/JMhTMR5S8K93nU', 'Munoz96', 'Margot417', '00000000000', 'sauger@free.fr159', 1, NULL),
(1075, 99, 'jtoussaint197', '[\"ROLE_ADMIN\"]', '$argon2id$v=19$m=65536,t=4,p=1$WmNkUE5uNG9BcWIyODV0eg$VCg/Qg1gaonSJxVMKiBQ5GkrjpAPaGXeA17lr+zme+s', 'Valette409', 'Patrick206', '00000000000', 'barbe.rene@giraud.fr383', 1, NULL),
(1076, 99, 'bertin.roland407', '[\"ROLE_ADMIN\"]', '$argon2id$v=19$m=65536,t=4,p=1$M3Fvc0RkNFY4eUNOQWluMQ$YiJcla82jTIQfsf78GG0y3ptM4rVrDKyZBRK618+C94', 'Godard400', 'Jacqueline69', '00000000000', 'udupont@free.fr438', 1, NULL),
(1077, 101, 'colas.julien201', '[\"ROLE_USER\"]', '$argon2id$v=19$m=65536,t=4,p=1$T0xJSjZTWDVMelEwLldVdQ$JbfTr6lrcAheBVRmu5EpX6SUF1QxrVFnHMOcOTQk+34', 'Henry81', 'Marc473', '00000000000', 'dupuy.christine@brunel.fr101', 1, NULL),
(1078, 101, 'fbesson402', '[\"ROLE_ADMIN\"]', '$argon2id$v=19$m=65536,t=4,p=1$WDFabzVmd3p0cnBDbkV5aw$qGgHEfxUuiyR//evTADASFiwGAPx0wu4lQtaxdCGVVM', 'Vidal443', 'Antoinette267', '00000000000', 'abarre@rodriguez.net24', 1, NULL),
(1079, 101, 'diane36137', '[\"ROLE_USER\"]', '$argon2id$v=19$m=65536,t=4,p=1$QUwvMHBQdlJHeW8ud3RLUA$B2ENO964oNwBnPS2a1JxNK+eQ5SF5RBEX67ng7W06EA', 'Goncalves46', 'Maggie6', '00000000000', 'paubert@dbmail.com240', 1, NULL),
(1080, 100, 'ollivier.suzanne412', '[\"ROLE_USER\"]', '$argon2id$v=19$m=65536,t=4,p=1$Y1ZpOWJKaHZEek5PbzltZA$E6xR91KSUSJfKWgwgqURClyPzmbFmC0QdkDUO0CL60Y', 'Fernandez376', 'François412', '00000000000', 'hugues92@chauvet.com447', 1, NULL),
(1081, 102, 'mahe.antoine54', '[\"ROLE_USER\"]', '$argon2id$v=19$m=65536,t=4,p=1$WE9EenlwWVlzQlRIMzZseQ$n3tZIlCcdoG5Y84h3wysHEEMMuMbq0bP5uIn5lf0Y+0', 'Chartier416', 'Antoine308', '00000000000', 'charlotte08@laposte.net348', 1, NULL),
(1082, 101, 'nseguin119', '[\"ROLE_USER\"]', '$argon2id$v=19$m=65536,t=4,p=1$aVJpUGlxZENudmdzR0c3dw$+GR6kP6UtIVyilgdWPW1wX9nuUiGHa/xCUxfXjKBWXY', 'Bertrand9', 'Christelle136', '00000000000', 'etienne.lemonnier@gmail.com229', 1, NULL),
(1083, 99, 'thibaut.ruiz305', '[\"ROLE_ADMIN\"]', '$argon2id$v=19$m=65536,t=4,p=1$TTF4Vm8xTnk2bzJXdEd1dg$dZ367wVhBZCQVWzD7a50AIwa+vuSxOzrBtXNnDSdywk', 'Colin92', 'Lorraine299', '00000000000', 'laurent.legall@gmail.com23', 1, NULL),
(1084, 100, 'stephane53210', '[\"ROLE_ADMIN\"]', '$argon2id$v=19$m=65536,t=4,p=1$Qy5LRUVZaElPbDFBUUJLdA$2dudM2vqzeanPgvocPeRgzLT97+9jc5BoLbfGzBmIeY', 'Pelletier406', 'Matthieu27', '00000000000', 'olivier.gimenez@jacquot.com282', 1, NULL),
(1085, 100, 'xjacob251', '[\"ROLE_ADMIN\"]', '$argon2id$v=19$m=65536,t=4,p=1$QjhaekpvZXQvOGl0YWZyLw$RrXd7BJU9MxRp8wTc3eR26A95oL2sLmX66ovNO8NDfA', 'De Oliveira343', 'Adrienne499', '00000000000', 'adrien92@live.com476', 1, NULL),
(1086, 102, 'agnes8371', '[\"ROLE_ADMIN\"]', '$argon2id$v=19$m=65536,t=4,p=1$ekZZenNiTEJjUU9VZnhCVg$4qXM0f/SQeg2Ip9+JxFIN/tBaBhMgNad0U7TdFqfMxk', 'Martin90', 'Christiane231', '00000000000', 'alexandre85@leger.com108', 1, NULL),
(1087, 101, 'vwagner471', '[\"ROLE_ADMIN\"]', '$argon2id$v=19$m=65536,t=4,p=1$WVVSUlZWT3BhVy45SUxkVg$rJ3hJRPHcV2/L9argho/VXSGScProumRFmjP6sly6YU', 'Martel202', 'Isaac480', '00000000000', 'timothee43@delannoy.com172', 1, NULL),
(1088, 99, 'elise93414', '[\"ROLE_ADMIN\"]', '$argon2id$v=19$m=65536,t=4,p=1$bm5jUkh3eTlHTFRLVEtIMQ$CHc2Xn9VpS6sQQG+PMBq1gQURdKiGqpvN5nK2KGwWxo', 'Roger290', 'Théophile424', '00000000000', 'richard40@bouygtel.fr100', 1, NULL),
(1089, 100, 'noemi.fontaine481', '[\"ROLE_USER\"]', '$argon2id$v=19$m=65536,t=4,p=1$bXZ4bWJZTUtackE4a2pKbA$nLiRhfSdMtNDXi6kxU6hKblIUSv5K6CSyOoJ6yqu6EM', 'Guillaume358', 'Édith55', '00000000000', 'guillaume.gilbert@laposte.net128', 1, NULL),
(1090, 102, 'valerie03427', '[\"ROLE_USER\"]', '$argon2id$v=19$m=65536,t=4,p=1$UUwvemtiUDQ1a2Y3UTJYVQ$c4Dt7xO9FxL48iJi/LdW6tYf4bg4sxNBDPhGMimmEFA', 'Renard77', 'Timothée104', '00000000000', 'charles59@voila.fr173', 1, NULL),
(1091, 102, 'herve.martine440', '[\"ROLE_ADMIN\"]', '$argon2id$v=19$m=65536,t=4,p=1$MEJLZkdxWThnT1lobEhjQg$buFzbsmYioQnh1XyiIZ0cxvyhvEcXD37krIoHIzqMeQ', 'Ruiz281', 'Arnaude365', '00000000000', 'marie19@guyon.fr241', 1, NULL),
(1092, 100, 'david.duhamel176', '[\"ROLE_ADMIN\"]', '$argon2id$v=19$m=65536,t=4,p=1$cVhudVRyUHRweEY1ZFFTZg$YSidNK6GdmtjqxJkHyH0H7rR1LnrlDlKbChPjWyJKVs', 'Renaud362', 'Édouard328', '00000000000', 'arnaude.perret@costa.com476', 1, NULL),
(1093, 102, 'duval.susanne361', '[\"ROLE_ADMIN\"]', '$argon2id$v=19$m=65536,t=4,p=1$ek9jS3hZYTJBN1ZPMUlGNw$O1wQDfaixJtvm6kYJKL5VIPzcqzw7ZbHUqJghFBjy5U', 'Cohen194', 'Éléonore336', '00000000000', 'ipoirier@noos.fr73', 1, NULL),
(1094, 101, 'hortense85487', '[\"ROLE_ADMIN\"]', '$argon2id$v=19$m=65536,t=4,p=1$RkFkYW9TYU9DajAuaHRnMA$bKmM5cCDpmB9nV3GSKJWq46hVUMIXNjIHmV6QkIx72Y', 'Maillot109', 'Agathe476', '00000000000', 'laetitia15@thomas.com212', 1, NULL),
(1095, 101, 'suzanne04192', '[\"ROLE_ADMIN\"]', '$argon2id$v=19$m=65536,t=4,p=1$eUFDVC5GeW5BejlEelM1Sg$pCQVSvMvqFfnsVcczbvm7yW0VukmBF5J6SGLRUokAHY', 'Dufour173', 'Jacqueline173', '00000000000', 'raymond69@bouvier.fr357', 1, NULL),
(1096, 99, 'colette.legoff39', '[\"ROLE_USER\"]', '$argon2id$v=19$m=65536,t=4,p=1$NTEycldaWUtqMFJ4OWgxWA$X9KKbqtDp0vNEwf6MSbj5MZI5Z4GEuEu0d0neRY+0hA', 'Cordier397', 'Philippine291', '00000000000', 'thierry26@orange.fr90', 1, NULL),
(1097, 100, 'theophile.diaz93', '[\"ROLE_USER\"]', '$argon2id$v=19$m=65536,t=4,p=1$djFFb1FraTdBNGFlRldwOQ$RkIRgOU6ULMWL0PWN+4/4So6/7Um7OfU3KTEzw8denc', 'Schneider134', 'Alix424', '00000000000', 'mbrunet@wanadoo.fr324', 1, NULL),
(1098, 101, 'antoine83441', '[\"ROLE_ADMIN\"]', '$argon2id$v=19$m=65536,t=4,p=1$VzZyMmZjZUxIUy82M2ZhZw$3UQS8iZVBrltcy3ztnG+D7TN7hw+pBch6+uV0oceVwY', 'Mallet75', 'Agathe64', '00000000000', 'xavier33@tele2.fr302', 1, NULL),
(1099, 100, 'alphonse57429', '[\"ROLE_ADMIN\"]', '$argon2id$v=19$m=65536,t=4,p=1$djVtcVpQZnV5ZjZlV0Z1YQ$HSmsu8b28plUqi12fG9UT4AHlhqvX0m3UzsNvddTDNk', 'Martins75', 'Grégoire162', '00000000000', 'patricia10@wanadoo.fr72', 1, NULL),
(1100, 99, 'ferreira.diane66', '[\"ROLE_USER\"]', '$argon2id$v=19$m=65536,t=4,p=1$eDZXZDN3TUhHRTYxOTRvaw$VrUWUXaMloIdmWIvwABaLkBIfJb8nt1MzBLKJ0nPBWU', 'Texier121', 'Martine487', '00000000000', 'hernandez.denise@ifrance.com223', 1, NULL),
(1101, 100, 'christophe07282', '[\"ROLE_ADMIN\"]', '$argon2id$v=19$m=65536,t=4,p=1$Snk3d20uN2JuRjBLUHZmTg$TJg7BJSjtPaz/SoJnR9O0K9Y8DtWNKWfoV33XTdWliE', 'Olivier250', 'Frédérique229', '00000000000', 'udesousa@wanadoo.fr244', 1, NULL),
(1102, 102, 'xavier5243', '[\"ROLE_USER\"]', '$argon2id$v=19$m=65536,t=4,p=1$cHRFbzhscndqN2tnT0ZVTQ$wY9PxfuBaapeS6kLOkVMKt1HmRajkhON7BgOxi6bccM', 'Prevost108', 'Olivie7', '00000000000', 'cecile.seguin@bouygtel.fr345', 1, NULL),
(1103, 100, 'maurice.caron333', '[\"ROLE_USER\"]', '$argon2id$v=19$m=65536,t=4,p=1$d01RQlhUNE5HRklLSG9naw$T7uvDoTJn+KHVqZR8CndW3inZe8IbAHIhLs1yOn1+DE', 'Becker201', 'Étienne191', '00000000000', 'anne.desousa@briand.org29', 1, NULL),
(1104, 102, 'constance.pichon103', '[\"ROLE_ADMIN\"]', '$argon2id$v=19$m=65536,t=4,p=1$Y1d5dzNaZWZlVDVYd29mbA$+q8IYtRd1UN2MyPAxllgwcLyuUfsE+lpiyP2enNCNic', 'Renard9', 'Bernard114', '00000000000', 'laurent.charles@club-internet.fr459', 1, NULL),
(1105, 99, 'david.agathe492', '[\"ROLE_ADMIN\"]', '$argon2id$v=19$m=65536,t=4,p=1$RHlkaFlvTS9UeEdHM2tFOA$d3jEx9LKwN/f/SIr96CggS/Q+CGt90Rna8Q9cEcKcZM', 'Letellier107', 'Jacques327', '00000000000', 'odette.olivier@ifrance.com81', 1, NULL),
(1106, 99, 'alfred3830', '[\"ROLE_USER\"]', '$argon2id$v=19$m=65536,t=4,p=1$aDZSdVBWSzdFMldnMXlhcQ$KN+9ILUTfdIdWPu8keniHsaGje0L8FiltzlIBZSk1/w', 'Schneider245', 'Anouk354', '00000000000', 'vincent17@tiscali.fr164', 1, NULL),
(1107, 99, 'briand.cecile462', '[\"ROLE_ADMIN\"]', '$argon2id$v=19$m=65536,t=4,p=1$WVRiaFR6VnpLc2txUlBXaQ$lYVQWXoyVrEP0bfSCvzCAQKmwZiiYYuRC6lvhfkMHqY', 'Guillot398', 'Laurence190', '00000000000', 'josette.benard@laposte.net89', 1, NULL),
(1108, 101, 'henri.rodrigues116', '[\"ROLE_ADMIN\"]', '$argon2id$v=19$m=65536,t=4,p=1$bkVKS1NUR0xPWHZzVElEVQ$TeESbU26VqB+tcjGIG9y+xApMxOuuoIp6LCGDdK91rY', 'Marchand494', 'Philippe317', '00000000000', 'renaud.isaac@weber.org158', 1, NULL),
(1109, 100, 'hseguin366', '[\"ROLE_ADMIN\"]', '$argon2id$v=19$m=65536,t=4,p=1$cjFCU3B2WDVNUWx1b1k5Qw$qy0ZoMno648AyyaWgxjDeTOgHc2M1TCHeUnNQix2DnM', 'Le Roux467', 'Clémence64', '00000000000', 'alain15@club-internet.fr256', 1, NULL),
(1110, 101, 'benjamin67465', '[\"ROLE_ADMIN\"]', '$argon2id$v=19$m=65536,t=4,p=1$R2UwRTVtNk1hZENWekM1OA$rIH4ew2aiv87G92PHxXGlKQZX1YKuKYt16LLH0ag5xY', 'Benard457', 'Frédéric87', '00000000000', 'vallet.claudine@gmail.com336', 1, NULL),
(1111, 102, 'gguillon361', '[\"ROLE_ADMIN\"]', '$argon2id$v=19$m=65536,t=4,p=1$ZllGTzF4UW50VTB1THM0Mw$EhLylYtLGrQ5jzruciePxYcA+ZSFNIfJ/R1AkwfXcD4', 'Girard420', 'Patrick320', '00000000000', 'jourdan.claudine@voila.fr461', 1, NULL),
(1112, 101, 'dominique.blondel44', '[\"ROLE_ADMIN\"]', '$argon2id$v=19$m=65536,t=4,p=1$NE9ieGZyM1FEUGxlNUV5dw$iUWXd6E+2YiaKpFhFaV4AESbAskKPwTG3E4QqfjyaEE', 'Devaux348', 'Sébastien490', '00000000000', 'honore.goncalves@bouygtel.fr40', 1, NULL),
(1113, 102, 'merle.christiane482', '[\"ROLE_USER\"]', '$argon2id$v=19$m=65536,t=4,p=1$QlZMazVEclFIOXA2NEgyZQ$wB6aissxmM/0pPHCNvGBn/wlqitds7C66Iio0u8ljZU', 'Cordier53', 'Pauline330', '00000000000', 'tlebreton@bonnet.fr71', 1, NULL),
(1114, 101, 'adrien07462', '[\"ROLE_ADMIN\"]', '$argon2id$v=19$m=65536,t=4,p=1$OVZKZmVQWU0xeTVnUTM5NA$Pc7d0jACY9MZscZk8Zltb9dpMNyIP+HsvgDav5WlfVc', 'Garnier367', 'Édouard455', '00000000000', 'reynaud.gregoire@tiscali.fr58', 1, NULL),
(1115, 99, 'tbertrand352', '[\"ROLE_USER\"]', '$argon2id$v=19$m=65536,t=4,p=1$Uncydi5sWVJJa0ZkRmFkMg$DRsaeTDBHGWMqSE0xiiAQ6z6JG5V8NpDE2SZgyKLRlQ', 'Garcia192', 'Xavier301', '00000000000', 'noel.noel@wanadoo.fr19', 1, NULL),
(1116, 101, 'rguillon70', '[\"ROLE_ADMIN\"]', '$argon2id$v=19$m=65536,t=4,p=1$RE5hdnJhdGJLSVJxb2MuRA$NB5+oNp6R/dDRe8gS3zsUW3N+cHSOgF6D7vxTJO6bXU', 'Thierry296', 'Christiane15', '00000000000', 'xavier45@renard.org292', 1, NULL),
(1117, 100, 'fernandez.monique1', '[\"ROLE_ADMIN\"]', '$argon2id$v=19$m=65536,t=4,p=1$Z3F0WHh6SUlsMkdGVGROMA$C1h448ms5oS3DTKZCw/VDermxGFE2wKORsa1fu7BT2s', 'Arnaud245', 'Anne135', '00000000000', 'mletellier@noos.fr304', 1, NULL),
(1118, 99, 'victor94447', '[\"ROLE_ADMIN\"]', '$argon2id$v=19$m=65536,t=4,p=1$WlIvbXdNSm5kNVBoeVUveg$P+SqcNSH/376hToRfE3NKpdW4Lt5xOV0YbiWwi+K72E', 'Bazin196', 'Geneviève147', '00000000000', 'laurent88@voila.fr44', 1, NULL),
(1119, 100, 'lleveque173', '[\"ROLE_ADMIN\"]', '$argon2id$v=19$m=65536,t=4,p=1$SFpneGZ2TTVSdlV1M20yag$kia1SwIWSydZKIqJ+fV4Vyt06frUKnY1Quf0l0kizW0', 'Lucas11', 'Benjamin7', '00000000000', 'frederic.caron@hotmail.fr231', 1, NULL),
(1120, 102, 'alfred.bodin19', '[\"ROLE_ADMIN\"]', '$argon2id$v=19$m=65536,t=4,p=1$N3ZUNVNDWU1kNHp0ekZUSA$lzhV9xWDbfe/x7VzzxXfOt8nzvgGIO0OaZbq9T4g6W4', 'Lesage204', 'Jérôme113', '00000000000', 'augustin58@bouygtel.fr373', 1, NULL),
(1121, 102, 'charlotte18207', '[\"ROLE_ADMIN\"]', '$argon2id$v=19$m=65536,t=4,p=1$bzBNdlRmcnYzQ0xieXVoUA$MKv0H0aX1l+JNQgmGRhF/ZO4ItXGOP8dF1eyHZTkxfE', 'Bousquet122', 'David355', '00000000000', 'leon85@tiscali.fr384', 1, NULL),
(1122, 102, 'lacombe.laetitia70', '[\"ROLE_ADMIN\"]', '$argon2id$v=19$m=65536,t=4,p=1$RjJMTHZ4Z2FpTVkzRkdNOQ$EJo+sedaT8IdrwGBXcoshKThp/VYhm4qwR2kS8SuiWk', 'Lopes478', 'Guy245', '00000000000', 'parent.auguste@club-internet.fr175', 1, NULL),
(1123, 99, 'laporte.isaac443', '[\"ROLE_ADMIN\"]', '$argon2id$v=19$m=65536,t=4,p=1$dDVCWDJoZVE4L2YvTHgwbg$W83TD/ABWe3QC7sBVKClKmos5VhWB1QmAG6eudBBRC4', 'Jean306', 'Honoré31', '00000000000', 'opires@meyer.com29', 1, NULL),
(1124, 100, 'abailly229', '[\"ROLE_ADMIN\"]', '$argon2id$v=19$m=65536,t=4,p=1$Z0M5amhQNjZ4VjIxR1hPWA$UyWZ9slPR/GhqdoyuUzMgIQpwZ4rWXpjipcPmxaGTh0', 'Huet232', 'Anne338', '00000000000', 'tristan06@gmail.com157', 1, NULL),
(1125, 100, 'marthe12390', '[\"ROLE_ADMIN\"]', '$argon2id$v=19$m=65536,t=4,p=1$UmNvaGVYWU9kVExYWXQ3aA$DGc8x3QrMoGoOMD9yKKSCikmmQhy3t7+SGEI8XZpB/k', 'Fernandez404', 'Benjamin179', '00000000000', 'gerard.michelle@dbmail.com367', 1, NULL),
(1126, 102, 'claudine38271', '[\"ROLE_USER\"]', '$argon2id$v=19$m=65536,t=4,p=1$MDBVZ0xqNzlSeEdra0xTTQ$aYiE5ulOt7qPWcp0s4xAr6pgYqiXViC5KcCn2elDilE', 'Chevalier426', 'Corinne349', '00000000000', 'jules83@wanadoo.fr153', 1, NULL),
(1127, 99, 'georges63306', '[\"ROLE_USER\"]', '$argon2id$v=19$m=65536,t=4,p=1$NHBpeTU2VFlxNC5tV0lCVg$+skWM5VBRq17EArpLDknqAzEOGzNH+MVQm+/QRJY0+A', 'Dupuis412', 'Michelle232', '00000000000', 'zoe57@petit.fr338', 1, NULL),
(1128, 102, 'langlois.antoine12', '[\"ROLE_USER\"]', '$argon2id$v=19$m=65536,t=4,p=1$MVhtRHhpWFFBNjBmeVpOOA$bME1t5dx2ToQiafSu/ASmvzNxU89i1DioRpriZk1Xpw', 'Mahe252', 'Franck478', '00000000000', 'alain69@hotmail.fr335', 1, NULL),
(1129, 102, 'olegros122', '[\"ROLE_USER\"]', '$argon2id$v=19$m=65536,t=4,p=1$SDBGNGJTSjg2a3dyYkQ5bg$xDfxphFU/Xw3SKvkHDnIRgVHKF10/xfUskUJYICc9EY', 'Munoz301', 'Olivie187', '00000000000', 'aurore.valentin@wanadoo.fr29', 1, NULL),
(1130, 99, 'legoff.matthieu500', '[\"ROLE_ADMIN\"]', '$argon2id$v=19$m=65536,t=4,p=1$UXFSYzVjSWNIUUJKdUxYZA$N0JT8GqyNBd7Mp3OzogICN7Gf/XakNBs8MMfLMYclYo', 'Roche358', 'Jérôme81', '00000000000', 'launay.monique@laposte.net197', 1, NULL),
(1131, 102, 'tessier.eugene253', '[\"ROLE_ADMIN\"]', '$argon2id$v=19$m=65536,t=4,p=1$MnNrYUJrRzRsd1N3cXJ4OA$+0ia+8wmsGfQ5og+jkK06w4BY1PP3KcZ/aCpN45UdMQ', 'Faivre149', 'Aurélie396', '00000000000', 'gdupre@allain.fr255', 1, NULL),
(1132, 99, 'bonnin.vincent268', '[\"ROLE_USER\"]', '$argon2id$v=19$m=65536,t=4,p=1$RDlFU0JlUG80dXRjNjlWYg$g5JdOFKOq7+4UBJjPFtj9dTSIdKfpjwMqz5hFi4JwuE', 'Roger158', 'Yves350', '00000000000', 'agathe.teixeira@leveque.fr404', 1, NULL),
(1133, 100, 'adele.chretien79', '[\"ROLE_USER\"]', '$argon2id$v=19$m=65536,t=4,p=1$WmEwdlEvODk0Y2FhQjhFZw$o2xnXmaqmvHw1w1thtPQabHYoK+VHx98QvuPZ52IlsA', 'Blanchard207', 'Yves325', '00000000000', 'georges.legoff@tele2.fr123', 1, NULL),
(1134, 101, 'henriette46460', '[\"ROLE_USER\"]', '$argon2id$v=19$m=65536,t=4,p=1$cTFLV01CcTZSUzRXclgxWg$5cwwJ1MGCl31kZ9jAoeNyN/Kq5jQO6Hskjc7WUhdEHI', 'Guillot322', 'Suzanne63', '00000000000', 'pmarchand@dasilva.fr128', 1, NULL),
(1135, 102, 'claude44349', '[\"ROLE_ADMIN\"]', '$argon2id$v=19$m=65536,t=4,p=1$Z2MzWGw2V1NhMUdRd3Nqag$dHPBhxWEAxGvDNY3gSXW9dT67zX17B0HzIZJZy4mbSM', 'Allard97', 'Lucas234', '00000000000', 'zberthelot@wanadoo.fr400', 1, NULL),
(1136, 100, 'emmanuelle28405', '[\"ROLE_USER\"]', '$argon2id$v=19$m=65536,t=4,p=1$eWZnNDZsdmhraldiVENPMw$HbXOuxE+ihYnTxdMsb8JlBiOUEqjgf3fhqIkwNVtNIQ', 'Couturier411', 'Danielle102', '00000000000', 'dupuy.richard@club-internet.fr360', 1, NULL),
(1137, 102, 'guillou.hugues370', '[\"ROLE_USER\"]', '$argon2id$v=19$m=65536,t=4,p=1$Q3ZCOGFObncyYmRhM2wxLg$VCpGpCiq/NLanJVg3OkHbPM/41gQCMgRLjuj9yTJAkA', 'Grondin0', 'Virginie387', '00000000000', 'raymond.stephane@gmail.com9', 1, NULL),
(1138, 101, 'remy.marchal68', '[\"ROLE_ADMIN\"]', '$argon2id$v=19$m=65536,t=4,p=1$YjRPT3RoUkh5ZUlDU3RqMA$5eIFXzSy7nUogejHy6PRYKeNSk81PocdV5qEeu0nXJY', 'Becker49', 'Margot81', '00000000000', 'valerie.picard@laposte.net39', 1, NULL),
(1139, 100, 'zlebon126', '[\"ROLE_ADMIN\"]', '$argon2id$v=19$m=65536,t=4,p=1$S1pSaDg5aFFXdWVmS3VuSg$ariKro44G4koACHq/LVmgGWivNlKuXA9qV03DpOAuhw', 'Gaillard126', 'Nicole172', '00000000000', 'benjamin.pinto@vaillant.fr209', 1, NULL),
(1140, 101, 'rperrier234', '[\"ROLE_ADMIN\"]', '$argon2id$v=19$m=65536,t=4,p=1$eEtJL0F6aVlKWFNmcUxpUw$17gf43LZO3QWzY9TAryyrhuPWf73gXQ6KCqUmPhfRPQ', 'Dijoux111', 'Françoise256', '00000000000', 'bernadette61@sfr.fr321', 1, NULL),
(1141, 102, 'thibault.leduc24', '[\"ROLE_USER\"]', '$argon2id$v=19$m=65536,t=4,p=1$MVBVN3Zzbll0MEZjMWlRMw$rWOalKY0xmvyJY/W8DKbEsZwizQ3l7hozt4w9NqX7JY', 'Auger314', 'Élisabeth32', '00000000000', 'patrick83@hotmail.fr69', 1, NULL),
(1142, 100, 'daniel51223', '[\"ROLE_USER\"]', '$argon2id$v=19$m=65536,t=4,p=1$MFJxMkVTSjFEbVY4UHVBMA$PLNstpQLa2HfTwk/MbcNtfFb0tinzuubwakDI1fK8II', 'Herve299', 'Joséphine477', '00000000000', 'martine59@bouchet.com74', 1, NULL),
(1143, 101, 'kblanchard225', '[\"ROLE_ADMIN\"]', '$argon2id$v=19$m=65536,t=4,p=1$MTVMSnp3VDV3SGJyanVZbQ$MdZLXJBf+s0Bx1hsFjEqh6mvu/+ZNAisbyLbOkfVKxA', 'Maurice47', 'Guy76', '00000000000', 'frederique.gauthier@legrand.com115', 1, NULL),
(1144, 102, 'xavier.gillet210', '[\"ROLE_USER\"]', '$argon2id$v=19$m=65536,t=4,p=1$QUtyeUY1TFRKdXNCSnVwQQ$Me/JWfsSS2T0nCoFWPsgE7CubrGEgIUM1VP3co3T2+I', 'Thomas195', 'Jacques465', '00000000000', 'marchal.stephane@royer.com93', 1, NULL),
(1145, 102, 'suzanne.jacquet55', '[\"ROLE_ADMIN\"]', '$argon2id$v=19$m=65536,t=4,p=1$YnBoSzNkaDFsbGpGLlZCRg$97XgBOFzCO/B8lhnZPvv/OLlkCnpmWP/U/RVX1R+73A', 'Gros309', 'Benjamin48', '00000000000', 'martin.boutin@voila.fr9', 1, NULL),
(1146, 101, 'arnaude35177', '[\"ROLE_ADMIN\"]', '$argon2id$v=19$m=65536,t=4,p=1$U1B3R1FvbUMuNlo0b2xhcw$xd+Ivc2QuCdsIiP6LcQtwuTM+67SmitV68NWZfbbQlQ', 'Guillou482', 'Céline435', '00000000000', 'benjamin49@orange.fr147', 1, NULL),
(1147, 102, 'robin.maryse272', '[\"ROLE_USER\"]', '$argon2id$v=19$m=65536,t=4,p=1$QS9sTmx0YTJBVEZPeWsyeQ$4rrk6Q6m6PmZfG57kCmJTE+w/oWscRqlJy7jscudMH8', 'Rousset130', 'Emmanuelle234', '00000000000', 'jeanne15@dbmail.com406', 1, NULL),
(1148, 101, 'nleclerc234', '[\"ROLE_USER\"]', '$argon2id$v=19$m=65536,t=4,p=1$YWkyLzV6RHdNeXFFc2VlZg$EQ0bx+v66yx96KzfrlOfVALugtfzz2j7SxIDNVnMfAY', 'Vallee20', 'Virginie488', '00000000000', 'amartineau@voila.fr53', 1, NULL),
(1149, 101, 'brigitte.meunier489', '[\"ROLE_ADMIN\"]', '$argon2id$v=19$m=65536,t=4,p=1$LmhRQ25VY2YwbWlrY1dwVA$ZH2HOTsFb/ZqrabXq7F1X2FnilHhM5Xnp0DOEEqC0K0', 'Briand68', 'Vincent332', '00000000000', 'petitjean.luce@dbmail.com415', 1, NULL),
(1150, 102, 'eperrier345', '[\"ROLE_USER\"]', '$argon2id$v=19$m=65536,t=4,p=1$bEhOUDhWQ3BpektBWWZpRA$snprPWTA1yBDN4FoqcyAgl4UpPgXrxZdzopRpYvmFsg', 'Brunel278', 'Élise122', '00000000000', 'uremy@yahoo.fr473', 1, NULL),
(1151, 101, 'lhubert226', '[\"ROLE_ADMIN\"]', '$argon2id$v=19$m=65536,t=4,p=1$cFRLVGhJUDFBNlV6NG9Eag$Z7OP8LWXjiVL68NqNcKSA4FjH0XTkm/7SiBBbUUnV9c', 'Imbert428', 'Claude23', '00000000000', 'thierry56@free.fr6', 1, NULL),
(1152, 102, 'louise99121', '[\"ROLE_USER\"]', '$argon2id$v=19$m=65536,t=4,p=1$Q3NIZ3h5elVxQy9xZUNUVw$8bWsebsklkKwSNDGh+gtTyDG+2bMTEuS7BHrB9uolv4', 'Nicolas447', 'Théophile217', '00000000000', 'antoinette33@roux.fr394', 1, NULL),
(1153, 100, 'xbrunel467', '[\"ROLE_USER\"]', '$argon2id$v=19$m=65536,t=4,p=1$NHJoc3piQVVId3h4MC45dg$MxDJ/6WGAENahTLXuuKlj4jjOcG3q6ap0AFz2AJHLqo', 'Marty25', 'Manon137', '00000000000', 'danielle.lecomte@tiscali.fr290', 1, NULL),
(1154, 100, 'laure.costa439', '[\"ROLE_ADMIN\"]', '$argon2id$v=19$m=65536,t=4,p=1$SDJiLnJpNldyajhqU2hpQQ$iHhYgy0l9XrxA7N8K5nN7iD16cOeKTA/Gk9H8AiwbKw', 'Marques436', 'Jérôme152', '00000000000', 'denis19@robin.fr211', 1, NULL),
(1155, 102, 'antoine48296', '[\"ROLE_ADMIN\"]', '$argon2id$v=19$m=65536,t=4,p=1$N3RQV1dSR05GZ1VhVFQ3Sw$bbZk6O9Epso9ksPgwxL1+2khhVxDIbE1WTHQ1t6T1Zk', 'Maillet357', 'Daniel466', '00000000000', 'martinez.roland@noos.fr92', 1, NULL),
(1156, 100, 'rmorin237', '[\"ROLE_USER\"]', '$argon2id$v=19$m=65536,t=4,p=1$amRWaEF0cFU2VFBwN09oOQ$EOvK6pxCUavbW1zZhoYH7kY2sEhRBNUvmvk/C/zUamQ', 'Valette454', 'Bertrand189', '00000000000', 'lagarde.noel@diallo.com460', 1, NULL),
(1157, 101, 'lagarde.alexandria352', '[\"ROLE_ADMIN\"]', '$argon2id$v=19$m=65536,t=4,p=1$NmVjSWJDUC5DYzJ0ZmNXdQ$yIdPGM2QacmD9NlqnB+2iqfDLOSZuk/KoItiX1Ivnuo', 'Herve103', 'Alphonse350', '00000000000', 'alix41@live.com41', 1, NULL),
(1158, 99, 'christelle28151', '[\"ROLE_ADMIN\"]', '$argon2id$v=19$m=65536,t=4,p=1$WFMuUWVLdm9XYS9RbUtkMw$jsHn1jRE7PpMQiYTgpkeLj41Cm/D3xQqsNO08h9S5JM', 'Mary283', 'Thérèse441', '00000000000', 'rene.devaux@couturier.net39', 1, NULL),
(1159, 99, 'goncalves.sabine28', '[\"ROLE_ADMIN\"]', '$argon2id$v=19$m=65536,t=4,p=1$bllvZHM0Z2JIQ0dpOWh1Lg$u0qCcVqskMNM38NIqwCMj30pQbcLsHSmXrUZtFPG3ZA', 'Courtois3', 'Jules72', '00000000000', 'guy.charrier@marin.com484', 1, NULL),
(1160, 102, 'emile44232', '[\"ROLE_USER\"]', '$argon2id$v=19$m=65536,t=4,p=1$SW41OWk4NFVMcWl0cmpJVw$dNe3vLmAPLzWBkQR7+Xo34qO2+3axKbct0FjNhz2WIA', 'David448', 'Marianne433', '00000000000', 'krenault@club-internet.fr267', 1, NULL),
(1161, 101, 'pleconte321', '[\"ROLE_USER\"]', '$argon2id$v=19$m=65536,t=4,p=1$L2RzMFdEYkdQd2ZuVUVIUg$oDU01erEqp2NUhKEyK1TfSakj9y+Oz4w5ITEBnYfse4', 'Dumas435', 'Laure101', '00000000000', 'vpires@blot.org171', 1, NULL),
(1162, 99, 'louise79489', '[\"ROLE_ADMIN\"]', '$argon2id$v=19$m=65536,t=4,p=1$ajdxNlVqcTF0Q0ZqVE56Zg$lZaxBZql5T237DcMkLkqdgKfefwChiP+bgNlvw7+HpE', 'Joly338', 'Lucie259', '00000000000', 'neveu.gilbert@legendre.net309', 1, NULL),
(1163, 99, 'virginie70283', '[\"ROLE_ADMIN\"]', '$argon2id$v=19$m=65536,t=4,p=1$R3NrSE5qU1JCc1pLcmlGdQ$bQyh66pPlZm7FYBhmJ0CuBflWQCH2n7aAx/U2D3yPWA', 'Navarro244', 'Marie188', '00000000000', 'tristan86@brun.com5', 1, NULL),
(1164, 101, 'ucourtois457', '[\"ROLE_ADMIN\"]', '$argon2id$v=19$m=65536,t=4,p=1$dnpRZXJjZkM5TER3T0piNQ$RnO35P3TnsyfxDLjvgR0bo3e7okyiYq7ppStx5ccqKM', 'Chauvin96', 'Élise40', '00000000000', 'paulette95@voila.fr381', 1, NULL),
(1165, 100, 'marianne4588', '[\"ROLE_ADMIN\"]', '$argon2id$v=19$m=65536,t=4,p=1$Vm04TWNpYWg1ZjZhbmFqVw$pK6jdUrnoPOYcZj2/o5EQD30dm54zMHzjVaWtwVRzjU', 'Michel2', 'Sabine243', '00000000000', 'constance75@wanadoo.fr216', 1, NULL),
(1166, 99, 'leconte.henriette266', '[\"ROLE_USER\"]', '$argon2id$v=19$m=65536,t=4,p=1$UDExbE8yTEdmeVZzMHozeg$9MECRvY5xuFD1MljZsfcSVr+F9olu/03i3UNjXHXTVo', 'Laine44', 'Raymond323', '00000000000', 'jeanne.lambert@leclercq.net213', 1, NULL),
(1167, 99, 'nicole84206', '[\"ROLE_ADMIN\"]', '$argon2id$v=19$m=65536,t=4,p=1$dFFVME5zcWEzYjZ4M3BZUQ$xySuTrXzca/FaVfKAdOLs6jTg9ntU22gklTtKnez0mE', 'Guibert245', 'Joseph426', '00000000000', 'neveu.marthe@cohen.net0', 1, NULL),
(1168, 100, 'tristan.germain305', '[\"ROLE_ADMIN\"]', '$argon2id$v=19$m=65536,t=4,p=1$VldEdnVrTUNpc3l6c1FDdA$7flsMLYMXfFB74ck5APoGuaR6vNzdIdem5FJPOj8T+s', 'Teixeira0', 'Dominique5', '00000000000', 'laurence.marion@ifrance.com327', 1, NULL),
(1169, 102, 'timothee76281', '[\"ROLE_ADMIN\"]', '$argon2id$v=19$m=65536,t=4,p=1$Rzk0cE5uam40N3VVMFF4ag$e/9sV+W24UGczhGs3gNr6ZScrUoODr/IscEPoYPtTj8', 'Vallee97', 'Frédérique366', '00000000000', 'gomes.ines@rocher.com173', 1, NULL),
(1170, 102, 'alphonse.colas252', '[\"ROLE_ADMIN\"]', '$argon2id$v=19$m=65536,t=4,p=1$NVVYUmU0M0VZQVlQNmxYMQ$FFNCb8V8OFWnwcqIDZbUgf4YTorHTCjITko9m2sF1RM', 'Leblanc115', 'Olivier123', '00000000000', 'gnormand@voila.fr138', 1, NULL),
(1171, 100, 'emichaud27', '[\"ROLE_USER\"]', '$argon2id$v=19$m=65536,t=4,p=1$Nk1nSGVKSVJkcmxQWUdDQw$6MOjkWobdAwUVsqEXKZgXzZVAm4bJRLRVsZ0nb1KMN4', 'Boulay398', 'Thierry337', '00000000000', 'lremy@briand.fr369', 1, NULL),
(1172, 100, 'raymond.gilbert490', '[\"ROLE_ADMIN\"]', '$argon2id$v=19$m=65536,t=4,p=1$MzNQdlc4QTRZYU45cy5nbA$4rlqA96fkH7LtwvE3QCWoTCoDcPJUBCpSE+qvfdh9ps', 'Loiseau66', 'Diane109', '00000000000', 'philippe.parent@blin.fr212', 1, NULL),
(1173, 99, 'bouvet.louis161', '[\"ROLE_ADMIN\"]', '$argon2id$v=19$m=65536,t=4,p=1$M21BUjhiYUV2aEZoa0poRQ$dlzO4XhUUfgEqF7z5mtVHzx44p7RqZ2rHh2EoEWD9/c', 'Peltier36', 'Richard234', '00000000000', 'louise28@tiscali.fr279', 1, NULL),
(1174, 100, 'gpetitjean186', '[\"ROLE_ADMIN\"]', '$argon2id$v=19$m=65536,t=4,p=1$eVRtTlpJRUFTaVkyYXFLRg$/arqT8FU5ploek66aGZdDaWrPm2itZQz7rHuvqJtbRo', 'Martineau498', 'Léon188', '00000000000', 'xmarion@aubert.net277', 1, NULL),
(1175, 102, 'cecile01138', '[\"ROLE_USER\"]', '$argon2id$v=19$m=65536,t=4,p=1$T0FIRDhNUVJwRFdFeXlKaw$JJtmRhJJ4ZHQnS1zrRkD4tUHZHd8ey9Dwhml4MuYtM0', 'Alexandre225', 'Alfred432', '00000000000', 'schneider.alix@laposte.net305', 1, NULL),
(1176, 99, 'grondin.guy71', '[\"ROLE_ADMIN\"]', '$argon2id$v=19$m=65536,t=4,p=1$UzZjZFR2QWEubkZ6cTlYUQ$QoC0jrwAlm/ThkTtNGbEJnsebsJYhWLBLmAKT/udUWA', 'Leduc469', 'Monique172', '00000000000', 'sylvie.allain@voila.fr130', 1, NULL),
(1177, 101, 'guerin.gilles327', '[\"ROLE_ADMIN\"]', '$argon2id$v=19$m=65536,t=4,p=1$UkFYSnZ4bFpKVkJ3ZXI1TQ$ukUm0cg0NAXAU1CjkYral72yODTbEpAL8jiIoh6Pe0Y', 'Rodriguez427', 'Patricia357', '00000000000', 'paul.victoire@laposte.net180', 1, NULL),
(1178, 101, 'pierre2412', '[\"ROLE_ADMIN\"]', '$argon2id$v=19$m=65536,t=4,p=1$SnE3aml0bEFvL09EZnQ3Yg$fMCgnfB0LO/LK+3SfdFrco+VP5pf53gg6Q7NIMzMyYM', 'Mathieu450', 'Bernard281', '00000000000', 'jacqueline.martins@bouygtel.fr245', 1, NULL),
(1179, 99, 'tcharles313', '[\"ROLE_USER\"]', '$argon2id$v=19$m=65536,t=4,p=1$Mm05NEtWTU5mcXp2MnAwWQ$FEffJR5nYibxBwlxg4ehw3Np990cBCcUiqP8JH2qwY4', 'Lemaire181', 'Thibaut242', '00000000000', 'remy26@live.com118', 1, NULL),
(1180, 102, 'xleroy88', '[\"ROLE_ADMIN\"]', '$argon2id$v=19$m=65536,t=4,p=1$dmc2TFRwQm9UZHRIcFBkWA$hQ6URqusFfcQ6SfwQQAFdfhoAaA7kLgbfkVAxkHJFg0', 'Begue197', 'Charles146', '00000000000', 'robert03@lombard.com295', 1, NULL),
(1181, 102, 'epineau340', '[\"ROLE_USER\"]', '$argon2id$v=19$m=65536,t=4,p=1$VzM3eC55aTNna2dyeHIvaQ$Xgy/7xklCs+avX5P/s5OqRhNWs+B9mS9IVj6xvZo8BU', 'Bigot498', 'Olivier48', '00000000000', 'helene74@yahoo.fr483', 1, NULL),
(1182, 100, 'danielle.roger150', '[\"ROLE_USER\"]', '$argon2id$v=19$m=65536,t=4,p=1$TzE4Q1RKSTAwek5FRWNLNw$b98ZHgUcgPDrtzcYkkhFz6facLeelP4/eQGu1zM8nvs', 'Moreno401', 'Anaïs55', '00000000000', 'christine66@evrard.com127', 1, NULL),
(1183, 100, 'boyer.clemence349', '[\"ROLE_USER\"]', '$argon2id$v=19$m=65536,t=4,p=1$YlgvTkVXeGllM29EdHc5Mw$1GO9nYbUvwBpYZbXt/wrQZ8YDS8MUkVkbAHGiQ3ID3c', 'Legendre346', 'Clémence30', '00000000000', 'hnicolas@pons.com6', 1, NULL),
(1184, 100, 'legrand.susan435', '[\"ROLE_ADMIN\"]', '$argon2id$v=19$m=65536,t=4,p=1$TzZSYURzR1EzMWNGelV0eg$47xMU9Nqb18HZOTyXXCia8VTJfkxFmr56FyMhUAQn/8', 'Roche194', 'Hugues348', '00000000000', 'alexandre84@joubert.fr393', 1, NULL),
(1185, 101, 'marianne.mary351', '[\"ROLE_ADMIN\"]', '$argon2id$v=19$m=65536,t=4,p=1$NWZMRWhtcHdSdjJVcjAvWA$0tkhmTij8Vi+ULRDk6WsbAnzyULFiNZPiu7SI0I4c6M', 'Lopez183', 'Denis106', '00000000000', 'fmorin@paris.com416', 1, NULL),
(1186, 101, 'alain.petitjean193', '[\"ROLE_ADMIN\"]', '$argon2id$v=19$m=65536,t=4,p=1$VGhYMGNua2FTc2VQaW4ucQ$CPh/ZL4iRqQ/m5NXjYSoKv0TPolGGpIYBM/C+qWxuq0', 'Rodrigues360', 'Anouk262', '00000000000', 'dcolin@ifrance.com50', 1, NULL);
INSERT INTO `user` (`id`, `campus_id`, `pseudo`, `roles`, `password`, `nom`, `prenom`, `telephone`, `mail`, `actif`, `photo`) VALUES
(1187, 101, 'louise.bailly196', '[\"ROLE_ADMIN\"]', '$argon2id$v=19$m=65536,t=4,p=1$VjB4Y0Y5MkZEUVZoOWZUZQ$EMjMA6emjfs5DHV+Q/PJfzI3QnDL0/mYs2D09SfpXiY', 'Morel421', 'Capucine394', '00000000000', 'matthieu23@muller.com21', 1, NULL),
(1188, 102, 'matthieu74277', '[\"ROLE_USER\"]', '$argon2id$v=19$m=65536,t=4,p=1$ODlTU25KRS5aOXNXS28wdw$mS14tGP5m22SpPXJTC7OUQ8AQogAlFxg5bI7K7VgqYY', 'Lefevre347', 'Michel71', '00000000000', 'hubert.luc@lemoine.com337', 1, NULL),
(1189, 101, 'gregoire.lefebvre49', '[\"ROLE_ADMIN\"]', '$argon2id$v=19$m=65536,t=4,p=1$SzdJU0pudlpWckpTZnJkVg$lH56afxuQsCVqaDbroy9mY2L7cKSeeU4KIkxLjXwrYw', 'Petitjean4', 'Patrick423', '00000000000', 'martin.audrey@bouygtel.fr281', 1, NULL),
(1190, 99, 'charrier.stephanie254', '[\"ROLE_USER\"]', '$argon2id$v=19$m=65536,t=4,p=1$SVpBcHgxTm9PVThIVXI4Qw$ovZAPfKnkxSOVOv4vLG20/iQBcCZraQYV+xh7RoNPwg', 'Carpentier247', 'Inès239', '00000000000', 'laetitia93@bouygtel.fr393', 1, NULL),
(1191, 102, 'christiane.riou106', '[\"ROLE_ADMIN\"]', '$argon2id$v=19$m=65536,t=4,p=1$ejhCMWNoaHZsQ0lTeU91NQ$/eA4+waNqLoR6eKvYrk3tPk5cKZ3WyzRhFzlqN09yw4', 'Delattre359', 'Gabriel421', '00000000000', 'marty.marcelle@roy.com64', 1, NULL),
(1192, 99, 'rgregoire90', '[\"ROLE_ADMIN\"]', '$argon2id$v=19$m=65536,t=4,p=1$c3Ewc2dVOWxET2NhVENtcA$8PuSzllBhd96rNs+kZlpk9hkrJhSC/f+jtqHNRzaH7s', 'Imbert448', 'Dorothée377', '00000000000', 'mfischer@voila.fr89', 1, NULL),
(1193, 99, 'daniel.zacharie215', '[\"ROLE_USER\"]', '$argon2id$v=19$m=65536,t=4,p=1$a3BlVjB1Rzh1alhsUGsubQ$oV1vfnk9mf6wJXhRk8x845rWjbQ21CyMtzE7yMlqwwg', 'Le Goff154', 'Agathe323', '00000000000', 'georges72@laposte.net141', 1, NULL),
(1194, 102, 'samson.marc73', '[\"ROLE_ADMIN\"]', '$argon2id$v=19$m=65536,t=4,p=1$cFhFbkZOTFouczRlMllZdQ$Rl3xgBMTnABot2X1+MKBsy+h2qsrqFAQwLsSeNkljiE', 'Masse330', 'Joséphine129', '00000000000', 'morin.oceane@robin.net135', 1, NULL),
(1195, 101, 'helene8054', '[\"ROLE_USER\"]', '$argon2id$v=19$m=65536,t=4,p=1$WVh4OFZSNXZRa1ZOeHNpRA$vbwvuu/3Tph7ZYaRQ93PLUjoxlW9YO+4B0YSpWEzD4s', 'Philippe179', 'Aimé145', '00000000000', 'chantal90@dasilva.fr310', 1, NULL),
(1196, 102, 'christine.lemonnier401', '[\"ROLE_ADMIN\"]', '$argon2id$v=19$m=65536,t=4,p=1$cUxkdEFpUGFXd3MuV1dMQQ$KyI9qs6c5XiQnTFDM5m05Jl1xLSo710eK6rp8KSl254', 'Delorme471', 'Madeleine223', '00000000000', 'lmercier@wanadoo.fr158', 1, NULL),
(1197, 101, 'cleger92', '[\"ROLE_USER\"]', '$argon2id$v=19$m=65536,t=4,p=1$emg1RmdkUTJULmhyZWpjbQ$LGQ2X6vS3sq3/YMJJDwQQVG90jN7kOeUBCHR//On9Bg', 'Bruneau170', 'Maggie273', '00000000000', 'menard.luce@besnard.fr61', 1, NULL),
(1198, 102, 'gosselin.caroline168', '[\"ROLE_ADMIN\"]', '$argon2id$v=19$m=65536,t=4,p=1$WHBYQ0JmbmQvRVhPVUpuLw$BwFeujvuS+fOn/oLzH8LiNPaSSf187aCDAgmc9IGT9k', 'Pasquier293', 'Marguerite223', '00000000000', 'aime03@free.fr250', 1, NULL),
(1199, 101, 'noel4954', '[\"ROLE_ADMIN\"]', '$argon2id$v=19$m=65536,t=4,p=1$U1dpOWcwLkZUei5vUFd4RA$HyXSSBTNTTHYWwG6gWiATmX645go55lVbhSTs68Dlfc', 'Rolland119', 'Martine318', '00000000000', 'wadam@ifrance.com264', 1, NULL),
(1200, 99, 'josette53119', '[\"ROLE_USER\"]', '$argon2id$v=19$m=65536,t=4,p=1$WmROTTd1TGJNMFJyMkVmeg$OLDyutxqDgYJBH1QYvCUBpqiHD9RmvhnA+srmNB2Vlk', 'Auger97', 'Éléonore24', '00000000000', 'leveque.simone@wanadoo.fr125', 1, NULL),
(1201, 100, 'rene.gros54', '[\"ROLE_USER\"]', '$argon2id$v=19$m=65536,t=4,p=1$T1J3ZnpBNjdzZkxuR2k2Qw$oJwdFU2L8HC4fjSMEXF4QrgaIMakE5DU4wx0+6EvVOU', 'Daniel75', 'Emmanuelle318', '00000000000', 'giraud.denis@ifrance.com293', 1, NULL),
(1202, 102, 'laure.roy88', '[\"ROLE_USER\"]', '$argon2id$v=19$m=65536,t=4,p=1$bHozOGpBUkhRWHlta0VyTw$TxHRBU9QgYzXbKbLAK2eki3zDXHmTnDo4x/fh4HJeAA', 'Arnaud459', 'Thomas390', '00000000000', 'robert.pichon@sfr.fr218', 1, NULL),
(1203, 102, 'lesage.frederique288', '[\"ROLE_USER\"]', '$argon2id$v=19$m=65536,t=4,p=1$SU5zZHFkMG1uckFtOXNNdg$OfbELLh0I6gXqRfUIG5nCyjWNSlvrirpnYx+Lt3pJCc', 'Marion169', 'Sabine282', '00000000000', 'sabine92@hotmail.fr410', 1, NULL),
(1204, 99, 'andre.rodriguez338', '[\"ROLE_ADMIN\"]', '$argon2id$v=19$m=65536,t=4,p=1$ZUxvSkVSdy5lQjBWMk12Lg$W+A6AoKPt1e81hKSHnp1VK049m+NqM4aY+v6DM2kwPM', 'Gautier173', 'Camille335', '00000000000', 'alfred90@ifrance.com292', 1, NULL),
(1205, 100, 'honore575', '[\"ROLE_USER\"]', '$argon2id$v=19$m=65536,t=4,p=1$NmJwbTlSWHJZVFloajZXcg$FtVl5zG5zYeCNhUID5m30SR5Q50BN6gnXLkhQsjEIW4', 'Masson269', 'Christine114', '00000000000', 'leon94@bouvier.net245', 1, NULL),
(1206, 100, 'guy75377', '[\"ROLE_USER\"]', '$argon2id$v=19$m=65536,t=4,p=1$dUQ1c3hiVzVGUGdyaGpyNw$BJgIgFBWdrvzZSjZKxOpOvNV8jHM2vNpgEsbBpRc80I', 'De Sousa158', 'Alice393', '00000000000', 'charles.alex@moreno.fr363', 1, NULL),
(1207, 100, 'ymichel445', '[\"ROLE_ADMIN\"]', '$argon2id$v=19$m=65536,t=4,p=1$Z0pmcW5kdXEzalcudWlUMw$WHRIec+ZFrtL2u9sjArU5HXihr7MvMXyXRfR3w+LYQk', 'Bouvier269', 'Jean87', '00000000000', 'bertrand.pages@tiscali.fr444', 1, NULL),
(1208, 99, 'alain00325', '[\"ROLE_USER\"]', '$argon2id$v=19$m=65536,t=4,p=1$UmdydXJYTjhDYlV1Zi9XaQ$9LNc6zA6hBqSooUCqro91S0o9ABDjNk/esCdNOHoiRc', 'Boyer69', 'Agathe345', '00000000000', 'leon96@wanadoo.fr14', 1, NULL),
(1209, 99, 'martin.alice156', '[\"ROLE_USER\"]', '$argon2id$v=19$m=65536,t=4,p=1$eEplelkwS3YwV3c5c040cw$a/Y/gH5EQEvAiBXav1gTXM2ZrrdcR6AjOk8JvqN4jP0', 'Germain275', 'Adrien245', '00000000000', 'hamon.nicole@voila.fr247', 1, NULL),
(1210, 102, 'camille98260', '[\"ROLE_USER\"]', '$argon2id$v=19$m=65536,t=4,p=1$NDVNa2c2Sy55SnZ6cDZ3OA$LLSHgHCZKuHBk45SFQkfMOC321EBCen3LHio4TeZWpA', 'Duhamel406', 'Aurélie314', '00000000000', 'leon.guillet@barre.org254', 1, NULL),
(1211, 99, 'gerard.patricia309', '[\"ROLE_USER\"]', '$argon2id$v=19$m=65536,t=4,p=1$RnN6THduQ2MvLk1Gb1IvQQ$127Me9XANUqnN1BmEsXNE2ftrmkc836C3XXY1oCUlmo', 'Roche148', 'Guy500', '00000000000', 'pschneider@dias.fr413', 1, NULL),
(1212, 101, 'llaroche393', '[\"ROLE_ADMIN\"]', '$argon2id$v=19$m=65536,t=4,p=1$eXZ3elMzRGJiRjFRLlhDMA$hnLhYgAMsWXo9m2kemWxITBmz4HoQvE9uCpBMEZ8ZvI', 'Delorme291', 'Laure386', '00000000000', 'aimee.collet@berger.com93', 1, NULL),
(1213, 102, 'jmorin316', '[\"ROLE_USER\"]', '$argon2id$v=19$m=65536,t=4,p=1$OWhaVU9PNEpwZXh2L0lkMg$qh8g1rlfwuYG/ycuU5VlOmsG3LxiMThkcPUZcXcpTPo', 'Lefort388', 'Audrey343', '00000000000', 'guilbert.gerard@orange.fr494', 1, NULL),
(1214, 101, 'guyot.olivier161', '[\"ROLE_USER\"]', '$argon2id$v=19$m=65536,t=4,p=1$MWhVdDNMV2dVN0JxdVFxTQ$SMNgkt70N/mCSu6NMkJUmKFfy/6+zSfsBcz9Q0clq9c', 'Guillaume243', 'Laurent158', '00000000000', 'clemence.prevost@delannoy.com100', 1, NULL),
(1215, 102, 'jeannine62136', '[\"ROLE_ADMIN\"]', '$argon2id$v=19$m=65536,t=4,p=1$dmJaZzE2dzJObGlVaTQ4Mg$lpJvF/m9qrBzVObIdspIzMF73k+TFbfqH9DgfHMpfRM', 'Vallet477', 'Odette402', '00000000000', 'wfleury@marechal.com13', 1, NULL),
(1216, 100, 'yves26306', '[\"ROLE_USER\"]', '$argon2id$v=19$m=65536,t=4,p=1$NnJ3dXJRanIyRnpaMGFXMA$mgxlaAc36HHaPgVOkn7/xmJWFjQk0iGfQKfH+1g6OOU', 'Clerc315', 'Patricia261', '00000000000', 'daniel07@wanadoo.fr309', 1, NULL),
(1217, 101, 'rperret349', '[\"ROLE_ADMIN\"]', '$argon2id$v=19$m=65536,t=4,p=1$SWJrT1R6WnpyemhyR045aQ$09OjwQ3uV8wcMt28wN4V8jbcgB98G8fhuOJE3t4OaWw', 'Letellier215', 'Rémy126', '00000000000', 'dominique.leroux@wanadoo.fr5', 1, NULL),
(1218, 99, 'bnoel500', '[\"ROLE_ADMIN\"]', '$argon2id$v=19$m=65536,t=4,p=1$cURzQzFIMGZEZlFBMUV3NA$2bTISVDrU1OnubLjDIlgWXF3A9Kvw9VPmVPQHtak1vI', 'Collin223', 'Marthe497', '00000000000', 'ybarre@wanadoo.fr460', 1, NULL);

-- --------------------------------------------------------

--
-- Structure de la table `ville`
--

DROP TABLE IF EXISTS `ville`;
CREATE TABLE IF NOT EXISTS `ville` (
  `id` int(11) NOT NULL AUTO_INCREMENT,
  `nom` varchar(255) COLLATE utf8mb4_unicode_ci NOT NULL,
  `code_postal` varchar(5) COLLATE utf8mb4_unicode_ci NOT NULL,
  PRIMARY KEY (`id`),
  UNIQUE KEY `UNIQ_43C3D9C36C6E55B5` (`nom`)
) ENGINE=InnoDB AUTO_INCREMENT=1687 DEFAULT CHARSET=utf8mb4 COLLATE=utf8mb4_unicode_ci;

--
-- Déchargement des données de la table `ville`
--

INSERT INTO `ville` (`id`, `nom`, `code_postal`) VALUES
(1437, 'Neveu471', '07101'),
(1438, 'VaillantBourg294', '12739'),
(1439, 'Delahaye414', '23055'),
(1440, 'Verdier499', '53793'),
(1441, 'Martelboeuf184', '62152'),
(1442, 'Blanchet152', '43560'),
(1443, 'Giraud286', '47882'),
(1444, 'Martel-les-Bains491', '21089'),
(1445, 'DelahayeVille342', '71812'),
(1446, 'Bertin170', '04533'),
(1447, 'Collet214', '26743'),
(1448, 'Leveque-sur-Albert245', '24086'),
(1449, 'Remy-sur-Mer256', '29987'),
(1450, 'Vidal495', '10102'),
(1451, 'Schneider-sur-Mer112', '70859'),
(1452, 'Michel-les-Bains237', '45428'),
(1453, 'DiazVille471', '25062'),
(1454, 'Briand181', '29761'),
(1455, 'Lemaire314', '74087'),
(1456, 'MartineauBourg281', '30456'),
(1457, 'AlbertBourg314', '75780'),
(1458, 'Lemaitre351', '77307'),
(1459, 'Ruiz-sur-Godard9', '07877'),
(1460, 'Boutin203', '65025'),
(1461, 'Rousseau179', '79897'),
(1462, 'Costadan33', '95549'),
(1463, 'Giraud-sur-Mer25', '83187'),
(1464, 'Louis-sur-Da Silva95', '26792'),
(1465, 'Gaudin-sur-Mallet96', '51020'),
(1466, 'PerezVille116', '27523'),
(1467, 'RiouVille38', '17488'),
(1468, 'Hebert-sur-Peron367', '05124'),
(1469, 'Petitjeandan124', '48807'),
(1470, 'Lucas195', '65404'),
(1471, 'Boutin78', '61771'),
(1472, 'Maillot294', '46735'),
(1473, 'Vaillant-sur-Mer301', '96179'),
(1474, 'Picard-sur-Blanc2', '70792'),
(1475, 'SanchezVille369', '47089'),
(1476, 'Legros200', '79725'),
(1477, 'Sanchezdan164', '71519'),
(1478, 'Valentinnec3', '36606'),
(1479, 'Millet354', '41011'),
(1480, 'Marques-sur-Mer190', '77851'),
(1481, 'Jacobdan435', '41271'),
(1482, 'Lebon193', '59127'),
(1483, 'Pierre70', '93442'),
(1484, 'Adam477', '81375'),
(1485, 'Riou98', '77516'),
(1486, 'Barthelemy114', '24349'),
(1487, 'Moulin-sur-Fernandez311', '63012'),
(1488, 'Delattre147', '28270'),
(1489, 'Ledoux-sur-Rocher85', '82004'),
(1490, 'Pierre497', '24810'),
(1491, 'Godard193', '56696'),
(1492, 'GomesBourg125', '84287'),
(1493, 'Aubry-sur-Lemoine355', '58883'),
(1494, 'Allainboeuf7', '59422'),
(1495, 'Clerc212', '67180'),
(1496, 'Leblanc354', '25081'),
(1497, 'Vallee495', '11816'),
(1498, 'Munoz-sur-Boulay447', '79139'),
(1499, 'Martinez-sur-Leveque187', '11450'),
(1500, 'Diallonec473', '79226'),
(1501, 'Caron-sur-Cohen175', '59117'),
(1502, 'Laurent-sur-Mer383', '01822'),
(1503, 'Le Goff487', '37083'),
(1504, 'DurandBourg136', '68664'),
(1505, 'Leveque-la-Forêt332', '62347'),
(1506, 'Auger330', '52116'),
(1507, 'Leclercq212', '76628'),
(1508, 'Valletdan50', '92019'),
(1509, 'Nicolas373', '50212'),
(1510, 'MasseVille449', '63446'),
(1511, 'Dumas132', '82291'),
(1512, 'ChauvinBourg94', '33115'),
(1513, 'PonsBourg304', '63731'),
(1514, 'Letellierboeuf295', '48945'),
(1515, 'Joubert27', '02485'),
(1516, 'Vaillant6', '73510'),
(1517, 'Marinboeuf69', '74756'),
(1518, 'De Oliveira-sur-Richard343', '08241'),
(1519, 'Guerin-les-Bains4', '24586'),
(1520, 'Diaz91', '46553'),
(1521, 'Fernandez61', '32821'),
(1522, 'Labbe451', '37556'),
(1523, 'Schmittnec372', '66539'),
(1524, 'Besnard49', '83381'),
(1525, 'Pierre29', '78390'),
(1526, 'Gomez250', '10349'),
(1527, 'Rossidan231', '98842'),
(1528, 'Philippe491', '63403'),
(1529, 'Pineau394', '49883'),
(1530, 'VincentVille387', '50586'),
(1531, 'Garnier226', '52994'),
(1532, 'Hubert-sur-Mer135', '09914'),
(1533, 'Hubert474', '52295'),
(1534, 'Gros498', '92125'),
(1535, 'Schmitt156', '42236'),
(1536, 'Garnier-sur-Paris339', '18590'),
(1537, 'Courtois-la-Forêt33', '18273'),
(1538, 'Renault8', '66961'),
(1539, 'Moreau34', '23252'),
(1540, 'Auger-la-Forêt98', '89278'),
(1541, 'Lagarde304', '99043'),
(1542, 'Rocher109', '92918'),
(1543, 'Blot30', '24688'),
(1544, 'Texierdan42', '71703'),
(1545, 'Lesagedan262', '64575'),
(1546, 'Delmas-la-Forêt187', '98763'),
(1547, 'Laporte389', '55659'),
(1548, 'Laurent272', '77994'),
(1549, 'Lebon-les-Bains216', '34570'),
(1550, 'Petit310', '71000'),
(1551, 'Jacquet-sur-Mer203', '86480'),
(1552, 'Jacquesnec306', '05240'),
(1553, 'Reynaud46', '19951'),
(1554, 'Marion19', '34959'),
(1555, 'Blotnec175', '09596'),
(1556, 'Weber179', '20234'),
(1557, 'Leclercqboeuf447', '88284'),
(1558, 'Pages208', '99785'),
(1559, 'Ruiz44', '99484'),
(1560, 'Lejeune493', '15583'),
(1561, 'Pasquiernec456', '08023'),
(1562, 'Jacquotdan458', '67453'),
(1563, 'Deschampsboeuf112', '08531'),
(1564, 'Blanc279', '14829'),
(1565, 'Maillot299', '16285'),
(1566, 'Besson-les-Bains480', '89017'),
(1567, 'De Sousa359', '61386'),
(1568, 'Charrierboeuf450', '52241'),
(1569, 'Gaillard231', '19449'),
(1570, 'Lejeune-les-Bains74', '17771'),
(1571, 'PetitjeanBourg441', '80523'),
(1572, 'AugerVille118', '07128'),
(1573, 'Klein-les-Bains326', '18149'),
(1574, 'Adam95', '24492'),
(1575, 'MorenoBourg232', '48696'),
(1576, 'Nicolas207', '14239'),
(1577, 'Maury262', '73779'),
(1578, 'Lombard73', '79535'),
(1579, 'Vincent248', '18987'),
(1580, 'Pages244', '86939'),
(1581, 'Lefort201', '19107'),
(1582, 'Delahaye107', '69371'),
(1583, 'Giraudboeuf388', '53987'),
(1584, 'Duboisnec67', '57908'),
(1585, 'Lemaitre-sur-Mer191', '33887'),
(1586, 'Neveu476', '11678'),
(1587, 'RuizVille250', '98681'),
(1588, 'Collet102', '57242'),
(1589, 'RiouBourg246', '77321'),
(1590, 'Marchal136', '36786'),
(1591, 'Bonneauboeuf113', '58508'),
(1592, 'BarbeVille291', '17881'),
(1593, 'Leveque6', '62302'),
(1594, 'Lemaitre-sur-Michaud95', '14451'),
(1595, 'Lebon44', '71407'),
(1596, 'Regnier-sur-Guyot224', '47573'),
(1597, 'Jacquet337', '97211'),
(1598, 'Dijoux-la-Forêt115', '87036'),
(1599, 'Clement27', '78101'),
(1600, 'Navarro252', '64541'),
(1601, 'Rodriguez174', '94434'),
(1602, 'Salmon227', '95789'),
(1603, 'Riou27', '32604'),
(1604, 'Chauveau389', '41469'),
(1605, 'Diaz390', '43066'),
(1606, 'Jacques1', '82376'),
(1607, 'Lebrun385', '58131'),
(1608, 'HenryVille162', '15299'),
(1609, 'Guillaume234', '35399'),
(1610, 'Gauthier-sur-Ferreira412', '20656'),
(1611, 'Munoz58', '37595'),
(1612, 'Perrot392', '87800'),
(1613, 'Martineau157', '32322'),
(1614, 'Michaud-sur-Mer206', '03777'),
(1615, 'Menard81', '88672'),
(1616, 'Courtois53', '24832'),
(1617, 'Mailletdan28', '41532'),
(1618, 'Bertin-la-Forêt66', '96709'),
(1619, 'Reynaudboeuf30', '05673'),
(1620, 'Joly462', '76226'),
(1621, 'Couturier-sur-Barthelemy104', '59206'),
(1622, 'Renard394', '59687'),
(1623, 'Foucher201', '32449'),
(1624, 'FabreBourg273', '07705'),
(1625, 'Colas380', '26242'),
(1626, 'Courtois95', '85543'),
(1627, 'Sanchezboeuf196', '13411'),
(1628, 'Guillou153', '93646'),
(1629, 'Voisin154', '02224'),
(1630, 'Duhamel-la-Forêt422', '36145'),
(1631, 'Joseph439', '14203'),
(1632, 'Bernard492', '86280'),
(1633, 'Adam246', '66067'),
(1634, 'Collet-la-Forêt434', '10294'),
(1635, 'NeveuVille218', '80265'),
(1636, 'Potier363', '44448'),
(1637, 'Coste387', '05519'),
(1638, 'Goncalves490', '04273'),
(1639, 'Simon398', '24833'),
(1640, 'Barbier28', '45650'),
(1641, 'Colin258', '63196'),
(1642, 'Leconte471', '46360'),
(1643, 'Carpentier142', '88148'),
(1644, 'Louisdan255', '08770'),
(1645, 'Da Costa479', '97436'),
(1646, 'MorenoVille21', '49875'),
(1647, 'Dijoux452', '72928'),
(1648, 'Poirier101', '36183'),
(1649, 'Neveu500', '32567'),
(1650, 'Martineau326', '10748'),
(1651, 'Voisin207', '74388'),
(1652, 'Cohen416', '39791'),
(1653, 'Gomes193', '60879'),
(1654, 'Simon169', '83493'),
(1655, 'Colin-les-Bains373', '32738'),
(1656, 'Blin233', '40033'),
(1657, 'Lemaitre178', '97003'),
(1658, 'Morvan21', '45473'),
(1659, 'Cohen251', '62551'),
(1660, 'Courtois213', '04316'),
(1661, 'Jacquot138', '45282'),
(1662, 'Barthelemy-la-Forêt312', '88030'),
(1663, 'Lacombe-sur-Georges124', '10995'),
(1664, 'Martinez-sur-Mer135', '74776'),
(1665, 'Pelletier-les-Bains16', '78982'),
(1666, 'Guerin-la-Forêt81', '85100'),
(1667, 'LemonnierBourg19', '21557'),
(1668, 'Lelievre138', '35622'),
(1669, 'Godard136', '43408'),
(1670, 'Masse102', '72728'),
(1671, 'Besson125', '11908'),
(1672, 'Beguenec59', '89416'),
(1673, 'Guillet-sur-Mer283', '70211'),
(1674, 'Francois-les-Bains369', '65848'),
(1675, 'AlexandreBourg470', '93830'),
(1676, 'Navarro269', '69655'),
(1677, 'Guillet257', '54635'),
(1678, 'Guillaumenec221', '53369'),
(1679, 'Girauddan47', '38186'),
(1680, 'Bernard255', '47254'),
(1681, 'JacquesBourg299', '70993'),
(1682, 'Weber159', '12863'),
(1683, 'Noel252', '55853'),
(1684, 'Chauvin195', '65481'),
(1685, 'Carpentier117', '75847'),
(1686, 'Blin160', '26565');

--
-- Contraintes pour les tables déchargées
--

--
-- Contraintes pour la table `lieu`
--
ALTER TABLE `lieu`
  ADD CONSTRAINT `FK_2F577D59A73F0036` FOREIGN KEY (`ville_id`) REFERENCES `ville` (`id`);

--
-- Contraintes pour la table `sortie`
--
ALTER TABLE `sortie`
  ADD CONSTRAINT `FK_3C3FD3F26AB213CC` FOREIGN KEY (`lieu_id`) REFERENCES `lieu` (`id`),
  ADD CONSTRAINT `FK_3C3FD3F2AF5D55E1` FOREIGN KEY (`campus_id`) REFERENCES `campus` (`id`),
  ADD CONSTRAINT `FK_3C3FD3F2D5E86FF` FOREIGN KEY (`etat_id`) REFERENCES `etat` (`id`),
  ADD CONSTRAINT `FK_3C3FD3F2D936B2FA` FOREIGN KEY (`organisateur_id`) REFERENCES `user` (`id`);

--
-- Contraintes pour la table `sortie_user`
--
ALTER TABLE `sortie_user`
  ADD CONSTRAINT `FK_8A67684AA76ED395` FOREIGN KEY (`user_id`) REFERENCES `user` (`id`) ON DELETE CASCADE,
  ADD CONSTRAINT `FK_8A67684ACC72D953` FOREIGN KEY (`sortie_id`) REFERENCES `sortie` (`id`) ON DELETE CASCADE;

--
-- Contraintes pour la table `user`
--
ALTER TABLE `user`
  ADD CONSTRAINT `FK_8D93D649AF5D55E1` FOREIGN KEY (`campus_id`) REFERENCES `campus` (`id`);
COMMIT;

/*!40101 SET CHARACTER_SET_CLIENT=@OLD_CHARACTER_SET_CLIENT */;
/*!40101 SET CHARACTER_SET_RESULTS=@OLD_CHARACTER_SET_RESULTS */;
/*!40101 SET COLLATION_CONNECTION=@OLD_COLLATION_CONNECTION */;
